year,event_code,event_name,track_slug,race_date,session_directory,class_position,class,car_number,drivers,team,vehicle,laps,total_time,gap_to_class_leader,interval,status,best_lap_number,best_lap_time,best_lap_speed_mph,source_report,source_page
2017,13_Watkins Glen International,Watkins Glen International,watkins-glen-international,2017-07-02,201707021010_Race,1,P,5,J. Barbosa / C. Fittipaldi / F. Albuquerque,Mustang Sampling Racing,Cadillac DPi,200,6:01:18.592,,,,195,1:34.457,129.555,05_Classification By Class Race - Official.PDF,1
2017,13_Watkins Glen International,Watkins Glen International,watkins-glen-international,2017-07-02,201707021010_Race,2,P,85,C. Miller / M. Goikhberg / S. Simpson,JDC-Miller Motorsports,ORECA LMP2,200,6:01:19.775,1.183,1.183,,85,1:34.333,129.742,05_Classification By Class Race - Official.PDF,1
2017,13_Watkins Glen International,Watkins Glen International,watkins-glen-international,2017-07-02,201707021010_Race,3,P,55,T. Nunez / J. Bomarito / S. Pigot,Mazda Motorsports,Mazda DPi,200,6:01:27.138,8.546,7.363,,197,1:34.672,129.307,05_Classification By Class Race - Official.PDF,1
2017,13_Watkins Glen International,Watkins Glen International,watkins-glen-international,2017-07-02,201707021010_Race,4,P,52,J. Gutierrez / O. Pla,PR1/Mathiasen Motorsports,Ligier LMP2,200,6:01:36.175,17.583,9.037,,189,1:33.314,131.171,05_Classification By Class Race - Official.PDF,1
2017,13_Watkins Glen International,Watkins Glen International,watkins-glen-international,2017-07-02,201707021010_Race,5,P,90,M. Goossens / R. Van Der Zande,VisitFlorida Racing,Multimatic/Riley LMP2,198,6:01:42.819,2 Laps,2,,38,1:35.841,127.691,05_Classification By Class Race - Official.PDF,1
2017,13_Watkins Glen International,Watkins Glen International,watkins-glen-international,2017-07-02,201707021010_Race,6,P,10,R. Taylor / J. Taylor,Konica Minolta Cadillac DPi-V.R,Cadillac DPi,197,6:02:04.010,3 Laps,1,,120,1:34.812,129.120,05_Classification By Class Race - Official.PDF,1
2017,13_Watkins Glen International,Watkins Glen International,watkins-glen-international,2017-07-02,201707021010_Race,7,P,2,S. Sharp / R. Dalziel / L. Derani,Tequila Patron ESM,Nissan DPi,177,5:38:43.253,23 Laps,20,Not Running,149,1:33.924,130.301,05_Classification By Class Race - Official.PDF,1
2017,13_Watkins Glen International,Watkins Glen International,watkins-glen-international,2017-07-02,201707021010_Race,8,P,22,J. van Overbeek / B. Senna,Tequila Patron ESM,Nissan DPi,160,4:51:22.047,40 Laps,17,Not Running,99,1:34.713,129.245,05_Classification By Class Race - Official.PDF,1
2017,13_Watkins Glen International,Watkins Glen International,watkins-glen-international,2017-07-02,201707021010_Race,9,P,70,T. Long / J. Miller / M. Franchitti,Mazda Motorsports,Mazda DPi,61,2:15:25.478,139 Laps,99,Not Running,21,1:35.745,127.816,05_Classification By Class Race - Official.PDF,1
2017,13_Watkins Glen International,Watkins Glen International,watkins-glen-international,2017-07-02,201707021010_Race,10,P,31,D. Cameron / E. Curran / F. Albuquerque,Whelen Engineering Racing,Cadillac DPi,,6:02:30.596,O'Ward,Patricio:,,166,1:34.319,129.742,05_Classification By Class Race - Official.PDF,1
2017,13_Watkins Glen International,Watkins Glen International,watkins-glen-international,2017-07-02,201707021010_Race,1,PC,38,J. French / P. O'Ward / K. Masson,Performance Tech Motorsports,ORECA FLM09,195,6:02:28.980,,,,73,1:37.849,125.081,05_Classification By Class Race - Official.PDF,1
2017,13_Watkins Glen International,Watkins Glen International,watkins-glen-international,2017-07-02,201707021010_Race,2,PC,20,D. Yount / B. Rice / D. Burkett,BAR1 Motorsports,ORECA FLM09,192,6:01:33.418,3 Laps,3,,119,1:38.802,123.901,05_Classification By Class Race - Official.PDF,1
2017,13_Watkins Glen International,Watkins Glen International,watkins-glen-international,2017-07-02,201707021010_Race,3,PC,26,B. Alder / D. Jones / G. Yacaman,BAR1 Motorsports,ORECA FLM09,176,6:01:39.803,19 Laps Sims,16 Alexander:,,172,1:39.464,123.031,05_Classification By Class Race - Official.PDF,1
2017,13_Watkins Glen International,Watkins Glen International,watkins-glen-international,2017-07-02,201707021010_Race,1,GTLM,25,B. Auberlen / A. Sims,BMW Team RLL,BMW M6 GTLM,192,6:01:27.241,,,,182,1:41.608,120.483,05_Classification By Class Race - Official.PDF,1
2017,13_Watkins Glen International,Watkins Glen International,watkins-glen-international,2017-07-02,201707021010_Race,2,GTLM,67,R. Briscoe / R. Westbrook,Ford Chip Ganassi Racing,Ford GT,192,6:01:31.657,4.416,4.416,,156,1:42.034,119.986,05_Classification By Class Race - Official.PDF,1
2017,13_Watkins Glen International,Watkins Glen International,watkins-glen-international,2017-07-02,201707021010_Race,3,GTLM,3,J. Magnussen / A. Garcia,Corvette Racing,Chevrolet Corvette C7.R,192,6:01:32.468,5.227,0.811,,188,1:42.097,119.862,05_Classification By Class Race - Official.PDF,1
2017,13_Watkins Glen International,Watkins Glen International,watkins-glen-international,2017-07-02,201707021010_Race,4,GTLM,66,D. Mueller / J. Hand,Ford Chip Ganassi Racing,Ford GT,192,6:01:41.922,14.681,9.454,,161,1:41.943,120.048,05_Classification By Class Race - Official.PDF,1
2017,13_Watkins Glen International,Watkins Glen International,watkins-glen-international,2017-07-02,201707021010_Race,5,GTLM,4,O. Gavin / T. Milner,Corvette Racing,Chevrolet Corvette C7.R,192,6:01:44.083,16.842,2.161,,188,1:42.379,119.551,05_Classification By Class Race - Official.PDF,1
2017,13_Watkins Glen International,Watkins Glen International,watkins-glen-international,2017-07-02,201707021010_Race,6,GTLM,912,L. Vanthoor / G. Bruni,Porsche GT Team,Porsche 911 RSR,192,6:02:17.419,50.178,33.336,,129,1:42.063,119.924,05_Classification By Class Race - Official.PDF,1
2017,13_Watkins Glen International,Watkins Glen International,watkins-glen-international,2017-07-02,201707021010_Race,7,GTLM,911,P. Pilet / D. Werner,Porsche GT Team,Porsche 911 RSR,191,6:01:38.829,1 Laps,1,,158,1:41.897,120.111,05_Classification By Class Race - Official.PDF,1
2017,13_Watkins Glen International,Watkins Glen International,watkins-glen-international,2017-07-02,201707021010_Race,8,GTLM,24,J. Edwards / M. Tomczyk,BMW Team RLL,BMW M6 GTLM,161,5:04:44.822,31 Laps Hawksworth,30 Jack:,Not Running,151,1:41.927,120.111,05_Classification By Class Race - Official.PDF,1
2017,13_Watkins Glen International,Watkins Glen International,watkins-glen-international,2017-07-02,201707021010_Race,1,GTD,93,A. Lally / K. Legge,Michael Shank Racing w/ Curb-Agajanian,Acura NSX GT3,187,6:02:23.965,,,,184,1:45.027,116.569,05_Classification By Class Race - Official.PDF,1
2017,13_Watkins Glen International,Watkins Glen International,watkins-glen-international,2017-07-02,201707021010_Race,2,GTD,63,C. Nielsen / A. Balzan / M. Cressoni,Scuderia Corsa,Ferrari 488 GT3,187,6:02:24.557,0.592,0.592,,184,1:45.147,116.382,05_Classification By Class Race - Official.PDF,1
2017,13_Watkins Glen International,Watkins Glen International,watkins-glen-international,2017-07-02,201707021010_Race,3,GTD,96,J. Marks / J. Klingmann,Turner Motorsport,BMW M6 GT3,187,6:02:26.560,2.595,2.003,,184,1:45.276,116.258,05_Classification By Class Race - Official.PDF,1
2017,13_Watkins Glen International,Watkins Glen International,watkins-glen-international,2017-07-02,201707021010_Race,4,GTD,50,C. MacNeil / G. Jeannette / S. Van Gisbergen,Riley Motorsports - WeatherTech Racing,Mercedes-AMG GT3,187,6:02:28.511,4.546,1.951,,186,1:45.400,116.134,05_Classification By Class Race - Official.PDF,1
2017,13_Watkins Glen International,Watkins Glen International,watkins-glen-international,2017-07-02,201707021010_Race,5,GTD,15,R. Alon / J. Hawksworth / A. Cindric,3GT Racing,Lexus RCF GT3,187,6:02:28.900,4.935,0.389,,153,1:44.786,116.817,05_Classification By Class Race - Official.PDF,1
2017,13_Watkins Glen International,Watkins Glen International,watkins-glen-international,2017-07-02,201707021010_Race,6,GTD,14,S. Pruett / S. Karam,3GT Racing,Lexus RCF GT3,187,6:02:33.093,9.128,4.193,,182,1:45.531,116.009,05_Classification By Class Race - Official.PDF,1
2017,13_Watkins Glen International,Watkins Glen International,watkins-glen-international,2017-07-02,201707021010_Race,7,GTD,28,D. Morad / M. de Quesada / M. Christensen,Alegra Motorsports,Porsche 911 GT3 R,187,6:02:48.999,25.034,15.906,,184,1:46.149,115.326,05_Classification By Class Race - Official.PDF,1
2017,13_Watkins Glen International,Watkins Glen International,watkins-glen-international,2017-07-02,201707021010_Race,8,GTD,73,P. Lindsey / M. McMurry,Park Place Motorsports,Porsche 911 GT3 R,187,6:02:51.068,27.103,2.069,,177,1:46.405,115.015,05_Classification By Class Race - Official.PDF,1
2017,13_Watkins Glen International,Watkins Glen International,watkins-glen-international,2017-07-02,201707021010_Race,9,GTD,57,L. Aschenbach / A. Davis,Stevenson Motorsports,Audi R8 LMS GT3,186,6:01:37.732,1 Laps,1,,152,1:45.191,116.382,05_Classification By Class Race - Official.PDF,2
2017,13_Watkins Glen International,Watkins Glen International,watkins-glen-international,2017-07-02,201707021010_Race,10,GTD,33,B. Keating / J. Bleekemolen / M. Farnbacher,Riley Motorsports - Team AMG,Mercedes-AMG GT3,186,6:02:30.507,1 Laps,52.775,,184,1:45.426,116.072,05_Classification By Class Race - Official.PDF,2
2017,13_Watkins Glen International,Watkins Glen International,watkins-glen-international,2017-07-02,201707021010_Race,11,GTD,27,P. Ruberti / C. Sbirrazzuoli,Dream Racing Motorsport,Lamborghini Huracan GT3,186,6:02:36.982,1 Laps,6.475,,181,1:45.807,115.699,05_Classification By Class Race - Official.PDF,2
2017,13_Watkins Glen International,Watkins Glen International,watkins-glen-international,2017-07-02,201707021010_Race,12,GTD,48,B. Sellers / M. Snow,Paul Miller Racing,Lamborghini Huracan GT3,186,6:02:37.430,1 Laps,0.448,,113,1:45.768,115.699,05_Classification By Class Race - Official.PDF,2
2017,13_Watkins Glen International,Watkins Glen International,watkins-glen-international,2017-07-02,201707021010_Race,13,GTD,54,J. Bennett / C. Braun / N. Jonsson,CORE autosport,Porsche 911 GT3 R,186,6:02:40.034,1 Laps,2.604,,186,1:45.684,115.823,05_Classification By Class Race - Official.PDF,2
2017,13_Watkins Glen International,Watkins Glen International,watkins-glen-international,2017-07-02,201707021010_Race,14,GTD,23,B. Sweedler / T. Bell / F. Montecalvo,Alex Job Racing,Audi R8 LMS GT3,184,6:01:23.102,3 Laps,2,,158,1:45.352,116.196,05_Classification By Class Race - Official.PDF,2
2017,13_Watkins Glen International,Watkins Glen International,watkins-glen-international,2017-07-02,201707021010_Race,15,GTD,75,T. Vautier / K. Habul / B. Said,SunEnergy1 Racing,Mercedes-AMG GT3,184,6:01:41.405,3 Laps,18.303,,178,1:45.298,116.258,05_Classification By Class Race - Official.PDF,2
2017,13_Watkins Glen International,Watkins Glen International,watkins-glen-international,2017-07-02,201707021010_Race,16,GTD,86,J. Segal / O. Negri Jr.,Michael Shank Racing w/ Curb-Agajanian,Acura NSX GT3,167,5:23:20.786,20 Laps,17,Not Running,149,1:45.769,115.699,05_Classification By Class Race - Official.PDF,2
2017,13_Watkins Glen International,Watkins Glen International,watkins-glen-international,2017-07-02,201707021010_Race,17,GTD,16,B. Sandberg / J. Mul / C. Lewis,Change Racing,Lamborghini Huracan GT3,89,2:56:48.497,98 Laps,78,Not Running,74,1:46.381,115.077,05_Classification By Class Race - Official.PDF,2
