year,event_code,event_name,track_slug,race_date,session_directory,car_number,class,team,vehicle,driver_1,driver_2,driver_3,driver_4,driver_5,metadata_text
2024,06_Long Beach Street Circuit,Long Beach Street Circuit,long-beach-street-circuit,2024-04-20,202404201335_Race,01,GTP,Cadillac Racing,Cadillac V-Series.R,Renger van der Zande,Sebastien Bourdais,,,,Cadillac Racing Cadillac V-Series.R | GTP | 1.Renger van der Zande | 2.Sebastien Bourdais
2024,06_Long Beach Street Circuit,Long Beach Street Circuit,long-beach-street-circuit,2024-04-20,202404201335_Race,5,GTP,Proton Competition Mustang Sampling,Porsche 963,Gianmaria Bruni,Mike Rockenfeller,,,,Proton Competition Mustang Porsche 963 | Sampling GTP | 1.Gianmaria Bruni | 2.Mike Rockenfeller
2024,06_Long Beach Street Circuit,Long Beach Street Circuit,long-beach-street-circuit,2024-04-20,202404201335_Race,6,GTP,Porsche Penske Motorsport,Porsche 963,Nick Tandy,Mathieu Jaminet,,,,Porsche Penske Motorsport Porsche 963 | GTP | 1.Nick Tandy | 2.Mathieu Jaminet
2024,06_Long Beach Street Circuit,Long Beach Street Circuit,long-beach-street-circuit,2024-04-20,202404201335_Race,7,GTP,Porsche Penske Motorsport,Porsche 963,Dane Cameron,Felipe Nasr,,,,Porsche Penske Motorsport Porsche 963 | GTP | 1.Dane Cameron | 2.Felipe Nasr
2024,06_Long Beach Street Circuit,Long Beach Street Circuit,long-beach-street-circuit,2024-04-20,202404201335_Race,10,GTP,Wayne Taylor Racing with Andretti,Acura ARX-06,Ricky Taylor,Filipe Albuquerque,,,,Wayne Taylor Racing with Andretti Acura ARX-06 | GTP | 1.Ricky Taylor | 2.Filipe Albuquerque
2024,06_Long Beach Street Circuit,Long Beach Street Circuit,long-beach-street-circuit,2024-04-20,202404201335_Race,12,GTD,VasserSullivan,Lexus RC F GT3,Frankie Montecalvo,Jack Hawksworth,,,,VasserSullivan Lexus RC F GT3 | GTD | 1.Frankie Montecalvo | 2.Jack Hawksworth
2024,06_Long Beach Street Circuit,Long Beach Street Circuit,long-beach-street-circuit,2024-04-20,202404201335_Race,13,GTD,AWA Chevrolet,Corvette Z06 GT3.R,Orey Fidani,Matthew Bell,,,,AWA Chevrolet Corvette Z06 GT3.R | GTD | 1.Orey Fidani | 2.Matthew Bell
2024,06_Long Beach Street Circuit,Long Beach Street Circuit,long-beach-street-circuit,2024-04-20,202404201335_Race,24,GTP,BMW M Team RLL,BMW M Hybrid V8,Jesse Krohn,Philipp Eng,,,,BMW M Team RLL BMW M Hybrid V8 | GTP | 1.Jesse Krohn | 2.Philipp Eng
2024,06_Long Beach Street Circuit,Long Beach Street Circuit,long-beach-street-circuit,2024-04-20,202404201335_Race,25,GTP,BMW M Team RLL,BMW M Hybrid V8,Connor De Phillippi,Nick Yelloly,,,,BMW M Team RLL BMW M Hybrid V8 | GTP | 1.Connor De Phillippi | 2.Nick Yelloly
2024,06_Long Beach Street Circuit,Long Beach Street Circuit,long-beach-street-circuit,2024-04-20,202404201335_Race,27,GTD,Heart of Racing Team Aston Martin,Vantage GT3 Evo,Roman De Angelis,Spencer Pumpelly,,,,Heart of Racing Team Aston Martin Vantage GT3 Evo | GTD | 1.Roman De Angelis | 2.Spencer Pumpelly
2024,06_Long Beach Street Circuit,Long Beach Street Circuit,long-beach-street-circuit,2024-04-20,202404201335_Race,28,GTD,Flying Lizard Motorsports Aston,Martin Vantage GT3 Evo,Elias Sabo,Andy Lee,,,,Flying Lizard Motorsports Aston Martin Vantage GT3 Evo | GTD | 1.Elias Sabo | 2.Andy Lee
2024,06_Long Beach Street Circuit,Long Beach Street Circuit,long-beach-street-circuit,2024-04-20,202404201335_Race,31,GTP,Whelen Cadillac Racing,Cadillac V-Series.R,Pipo Derani,Jack Aitken,,,,Whelen Cadillac Racing Cadillac V-Series.R | GTP | 1.Pipo Derani | 2.Jack Aitken
2024,06_Long Beach Street Circuit,Long Beach Street Circuit,long-beach-street-circuit,2024-04-20,202404201335_Race,32,GTD,Korthoff/Preston Motorsports,Mercedes-AMG GT3,Mike Skeen,Mikael Grenier,,,,Korthoff/Preston Motorsports Mercedes-AMG GT3 | GTD | 1.Mike Skeen | 2.Mikael Grenier
2024,06_Long Beach Street Circuit,Long Beach Street Circuit,long-beach-street-circuit,2024-04-20,202404201335_Race,34,GTD,Conquest Racing,Ferrari 296 GT3,Manny Franco,Albert Costa Balboa,,,,Conquest Racing Ferrari 296 GT3 | GTD | 1.Manny Franco | 2.Albert Costa Balboa
2024,06_Long Beach Street Circuit,Long Beach Street Circuit,long-beach-street-circuit,2024-04-20,202404201335_Race,40,GTP,Wayne Taylor Racing with Andretti,Acura ARX-06,Jordan Taylor,Louis Deletraz,,,,Wayne Taylor Racing with Andretti Acura ARX-06 | GTP | 1.Jordan Taylor | 2.Louis Deletraz
2024,06_Long Beach Street Circuit,Long Beach Street Circuit,long-beach-street-circuit,2024-04-20,202404201335_Race,43,GTD,Andretti Motorsports Porsche,911 GT3 R (992),Jarett Andretti,Gabby Chaves,,,,Andretti Motorsports Porsche 911 GT3 R (992) | GTD | 1.Jarett Andretti | 2.Gabby Chaves
2024,06_Long Beach Street Circuit,Long Beach Street Circuit,long-beach-street-circuit,2024-04-20,202404201335_Race,45,GTD,Wayne Taylor Racing with Andretti Lamborghini,Huracan GT3 EVO2,Kyle Marcelli,Danny Formal,,,,Wayne Taylor Racing with Andretti Lamborghini Huracan GT3 EVO2 | GTD | 1.Kyle Marcelli | 2.Danny Formal
2024,06_Long Beach Street Circuit,Long Beach Street Circuit,long-beach-street-circuit,2024-04-20,202404201335_Race,55,GTD,Proton Competition,Ford Mustang GT3,Giammarco Levorato,Corey Lewis,,,,Proton Competition Ford Mustang GT3 | GTD | 1.Giammarco Levorato | 2.Corey Lewis | 4/20/2024 3:20 PM
2024,06_Long Beach Street Circuit,Long Beach Street Circuit,long-beach-street-circuit,2024-04-20,202404201335_Race,57,GTD,WINWARD RACING,Mercedes-AMG GT3,Russell Ward,Philip Ellis,,,,WINWARD RACING Mercedes-AMG GT3 | GTD | 1.Russell Ward | 2.Philip Ellis
2024,06_Long Beach Street Circuit,Long Beach Street Circuit,long-beach-street-circuit,2024-04-20,202404201335_Race,66,GTD,Gradient Racing,Acura NSX GT3,Sheena Monk,Stevan McAleer,,,,Gradient Racing Acura NSX GT3 | GTD | 1.Sheena Monk | 2.Stevan McAleer
2024,06_Long Beach Street Circuit,Long Beach Street Circuit,long-beach-street-circuit,2024-04-20,202404201335_Race,70,GTD,Inception Racing McLaren,720S GT3 EVO,Brendan Iribe,Frederik Schandorff,,,,Inception Racing McLaren 720S GT3 EVO | GTD | 1.Brendan Iribe | 2.Frederik Schandorff
2024,06_Long Beach Street Circuit,Long Beach Street Circuit,long-beach-street-circuit,2024-04-20,202404201335_Race,78,GTD,Forte Racing Lamborghini,Huracan GT3 EVO2,Misha Goikhberg,Loris Spinelli,,,,Forte Racing Lamborghini Huracan GT3 EVO2 | GTD | 1.Misha Goikhberg | 2.Loris Spinelli
2024,06_Long Beach Street Circuit,Long Beach Street Circuit,long-beach-street-circuit,2024-04-20,202404201335_Race,85,GTP,JDC-Miller MotorSports,Porsche 963,Tijmen van der Helm,Richard Westbrook,,,,JDC-Miller MotorSports Porsche 963 | GTP | 1.Tijmen van der Helm | 2.Richard Westbrook
2024,06_Long Beach Street Circuit,Long Beach Street Circuit,long-beach-street-circuit,2024-04-20,202404201335_Race,86,GTD,MDK Motorsports Porsche,911 GT3 R (992),Kerong Li,Anders Fjordbach,,,,MDK Motorsports Porsche 911 GT3 R (992) | GTD | 1.Kerong Li | 2.Anders Fjordbach
2024,06_Long Beach Street Circuit,Long Beach Street Circuit,long-beach-street-circuit,2024-04-20,202404201335_Race,89,GTD,VasserSullivan,Lexus RC F GT3,Ben Barnicoat,Parker Thompson,,,,VasserSullivan Lexus RC F GT3 | GTD | 1.Ben Barnicoat | 2.Parker Thompson
2024,06_Long Beach Street Circuit,Long Beach Street Circuit,long-beach-street-circuit,2024-04-20,202404201335_Race,96,GTD,Turner Motorsport,BMW M4 GT3,Robby Foley,Patrick Gallagher,,,,Turner Motorsport BMW M4 GT3 | GTD | 1.Robby Foley | 2.Patrick Gallagher
2024,06_Long Beach Street Circuit,Long Beach Street Circuit,long-beach-street-circuit,2024-04-20,202404201335_Race,120,GTD,Wright Motorsports Porsche,911 GT3 R (992),Adam Adelson,Elliott Skeer,,,,Wright Motorsports Porsche 911 GT3 R (992) | GTD | 1.Adam Adelson | 2.Elliott Skeer
