year,event_code,event_name,track_slug,race_date,session_directory,car_number,car_metadata,stint_number,driver,start_time,end_time,segment_type,segment_time,cumulative_track_time,cumulative_driver_time,source_report,source_page,source_column
2022,16_Road America,Road America,road-america,2022-08-07,202208071040_Race,01,Cadillac Racing | Cadillac DPi DPi,1,S. Bourdais,10:40:33,11:16:24,TRACK,35:50.947,35:50.947,35:50.947,20_Drive Time_Race.PDF,1,1
2022,16_Road America,Road America,road-america,2022-08-07,202208071040_Race,01,Cadillac Racing | Cadillac DPi DPi,,S. Bourdais,11:16:24,11:17:33,PIT,1:08.493,35:50.947,36:59.440,20_Drive Time_Race.PDF,1,1
2022,16_Road America,Road America,road-america,2022-08-07,202208071040_Race,01,Cadillac Racing | Cadillac DPi DPi,2,S. Bourdais,11:17:33,11:38:57,TRACK,21:24.436,57:15.383,58:23.876,20_Drive Time_Race.PDF,1,1
2022,16_Road America,Road America,road-america,2022-08-07,202208071040_Race,01,Cadillac Racing | Cadillac DPi DPi,,,11:38:57,11:40:01,PIT,1:03.641,,1:03.641,20_Drive Time_Race.PDF,1,1
2022,16_Road America,Road America,road-america,2022-08-07,202208071040_Race,01,Cadillac Racing | Cadillac DPi DPi,3,R. van der Zande,11:40:01,11:58:23,TRACK,18:22.365,18:22.365,18:22.365,20_Drive Time_Race.PDF,1,1
2022,16_Road America,Road America,road-america,2022-08-07,202208071040_Race,01,Cadillac Racing | Cadillac DPi DPi,,R. van der Zande,11:58:23,11:59:26,PIT,1:03.100,18:22.365,19:25.465,20_Drive Time_Race.PDF,1,1
2022,16_Road America,Road America,road-america,2022-08-07,202208071040_Race,01,Cadillac Racing | Cadillac DPi DPi,4,R. van der Zande,11:59:26,12:36:05,TRACK,36:39.272,55:01.637,56:04.737,20_Drive Time_Race.PDF,1,1
2022,16_Road America,Road America,road-america,2022-08-07,202208071040_Race,01,Cadillac Racing | Cadillac DPi DPi,,R. van der Zande,12:36:05,12:37:08,PIT,1:02.393,55:01.637,57:07.130,20_Drive Time_Race.PDF,1,1
2022,16_Road America,Road America,road-america,2022-08-07,202208071040_Race,01,Cadillac Racing | Cadillac DPi DPi,5,R. van der Zande,12:37:08,13:20:33,TRACK,43:25.353,1:38:26.990,1:40:32.483,20_Drive Time_Race.PDF,1,1
2022,16_Road America,Road America,road-america,2022-08-07,202208071040_Race,1,S. Bourdais 57:15.383 1:08.493 58:23.876 | Paul Miller Racing | BMW M4 GT3 GTD,1,M. Snow,10:40:33,11:21:14,TRACK,40:40.791,40:40.791,40:40.791,20_Drive Time_Race.PDF,1,1
2022,16_Road America,Road America,road-america,2022-08-07,202208071040_Race,1,S. Bourdais 57:15.383 1:08.493 58:23.876 | Paul Miller Racing | BMW M4 GT3 GTD,,,11:21:14,11:22:23,PIT,1:08.831,,1:08.831,20_Drive Time_Race.PDF,1,1
2022,16_Road America,Road America,road-america,2022-08-07,202208071040_Race,1,S. Bourdais 57:15.383 1:08.493 58:23.876 | Paul Miller Racing | BMW M4 GT3 GTD,2,B. Sellers,11:22:23,11:39:49,TRACK,17:26.579,17:26.579,17:26.579,20_Drive Time_Race.PDF,1,1
2022,16_Road America,Road America,road-america,2022-08-07,202208071040_Race,1,S. Bourdais 57:15.383 1:08.493 58:23.876 | Paul Miller Racing | BMW M4 GT3 GTD,,B. Sellers,11:39:49,11:40:55,PIT,1:05.985,17:26.579,18:32.564,20_Drive Time_Race.PDF,1,1
2022,16_Road America,Road America,road-america,2022-08-07,202208071040_Race,1,S. Bourdais 57:15.383 1:08.493 58:23.876 | Paul Miller Racing | BMW M4 GT3 GTD,3,B. Sellers,11:40:55,12:02:08,TRACK,21:13.178,38:39.757,39:45.742,20_Drive Time_Race.PDF,1,1
2022,16_Road America,Road America,road-america,2022-08-07,202208071040_Race,1,S. Bourdais 57:15.383 1:08.493 58:23.876 | Paul Miller Racing | BMW M4 GT3 GTD,,B. Sellers,12:02:08,12:03:13,PIT,1:05.016,38:39.757,40:50.758,20_Drive Time_Race.PDF,1,1
2022,16_Road America,Road America,road-america,2022-08-07,202208071040_Race,1,S. Bourdais 57:15.383 1:08.493 58:23.876 | Paul Miller Racing | BMW M4 GT3 GTD,4,B. Sellers,12:03:13,12:25:37,TRACK,22:23.821,1:01:03.578,1:03:14.579,20_Drive Time_Race.PDF,1,1
2022,16_Road America,Road America,road-america,2022-08-07,202208071040_Race,1,S. Bourdais 57:15.383 1:08.493 58:23.876 | Paul Miller Racing | BMW M4 GT3 GTD,,B. Sellers,12:25:37,12:26:43,PIT,1:05.582,1:01:03.578,1:04:20.161,20_Drive Time_Race.PDF,1,1
2022,16_Road America,Road America,road-america,2022-08-07,202208071040_Race,1,S. Bourdais 57:15.383 1:08.493 58:23.876 | Paul Miller Racing | BMW M4 GT3 GTD,5,B. Sellers,12:26:43,13:20:33,TRACK,53:50.217,1:54:53.795,1:58:10.378,20_Drive Time_Race.PDF,1,1
2022,16_Road America,Road America,road-america,2022-08-07,202208071040_Race,02,Cadillac Racing | Cadillac DPi DPi,1,A. Lynn,10:40:33,11:16:25,TRACK,35:52.033,35:52.033,35:52.033,20_Drive Time_Race.PDF,1,1
2022,16_Road America,Road America,road-america,2022-08-07,202208071040_Race,02,Cadillac Racing | Cadillac DPi DPi,,A. Lynn,11:16:25,11:17:34,PIT,1:08.638,35:52.033,37:00.671,20_Drive Time_Race.PDF,1,1
2022,16_Road America,Road America,road-america,2022-08-07,202208071040_Race,02,Cadillac Racing | Cadillac DPi DPi,2,A. Lynn,11:17:34,11:39:07,TRACK,21:33.244,57:25.277,58:33.915,20_Drive Time_Race.PDF,1,1
2022,16_Road America,Road America,road-america,2022-08-07,202208071040_Race,02,Cadillac Racing | Cadillac DPi DPi,,A. Lynn,11:39:07,11:40:15,PIT,1:07.894,57:25.277,59:41.809,20_Drive Time_Race.PDF,1,1
2022,16_Road America,Road America,road-america,2022-08-07,202208071040_Race,02,Cadillac Racing | Cadillac DPi DPi,3,A. Lynn,11:40:15,11:58:52,TRACK,18:36.992,1:16:02.269,1:18:18.801,20_Drive Time_Race.PDF,1,1
2022,16_Road America,Road America,road-america,2022-08-07,202208071040_Race,02,Cadillac Racing | Cadillac DPi DPi,,,11:58:52,11:59:54,PIT,1:01.893,,1:01.893,20_Drive Time_Race.PDF,1,1
2022,16_Road America,Road America,road-america,2022-08-07,202208071040_Race,02,Cadillac Racing | Cadillac DPi DPi,4,E. Bamber,11:59:54,12:36:07,TRACK,36:12.932,36:12.932,36:12.932,20_Drive Time_Race.PDF,1,1
2022,16_Road America,Road America,road-america,2022-08-07,202208071040_Race,02,Cadillac Racing | Cadillac DPi DPi,,E. Bamber,12:36:07,12:37:21,PIT,1:14.510,36:12.932,37:27.442,20_Drive Time_Race.PDF,1,1
2022,16_Road America,Road America,road-america,2022-08-07,202208071040_Race,02,Cadillac Racing | Cadillac DPi DPi,5,E. Bamber,12:37:21,13:20:33,TRACK,43:11.864,1:19:24.796,1:20:39.306,20_Drive Time_Race.PDF,1,1
2022,16_Road America,Road America,road-america,2022-08-07,202208071040_Race,3,Corvette Racing | Chevrolet Corvette C8.R GTD GTDPRO,1,A. Garcia,10:40:33,11:21:11,TRACK,40:37.854,40:37.854,40:37.854,20_Drive Time_Race.PDF,1,1
2022,16_Road America,Road America,road-america,2022-08-07,202208071040_Race,3,Corvette Racing | Chevrolet Corvette C8.R GTD GTDPRO,,,11:21:11,11:22:15,PIT,1:04.254,,1:04.254,20_Drive Time_Race.PDF,1,1
2022,16_Road America,Road America,road-america,2022-08-07,202208071040_Race,3,Corvette Racing | Chevrolet Corvette C8.R GTD GTDPRO,2,J. Taylor,11:22:15,12:02:21,TRACK,40:06.167,40:06.167,40:06.167,20_Drive Time_Race.PDF,1,1
2022,16_Road America,Road America,road-america,2022-08-07,202208071040_Race,3,Corvette Racing | Chevrolet Corvette C8.R GTD GTDPRO,,,12:02:21,12:03:27,PIT,1:05.360,,2:09.614,20_Drive Time_Race.PDF,1,1
2022,16_Road America,Road America,road-america,2022-08-07,202208071040_Race,3,Corvette Racing | Chevrolet Corvette C8.R GTD GTDPRO,3,A. Garcia,12:03:27,13:20:33,TRACK,1:17:06.365,1:57:44.219,1:57:44.219,20_Drive Time_Race.PDF,1,1
2022,16_Road America,Road America,road-america,2022-08-07,202208071040_Race,5,JDC Miller MotorSports | Cadillac DPi DPi,1,R. Westbrook,10:40:33,11:16:26,TRACK,35:52.585,35:52.585,35:52.585,20_Drive Time_Race.PDF,1,1
2022,16_Road America,Road America,road-america,2022-08-07,202208071040_Race,5,JDC Miller MotorSports | Cadillac DPi DPi,,R. Westbrook,11:16:26,11:17:44,PIT,1:18.479,35:52.585,37:11.064,20_Drive Time_Race.PDF,1,1
2022,16_Road America,Road America,road-america,2022-08-07,202208071040_Race,5,JDC Miller MotorSports | Cadillac DPi DPi,2,R. Westbrook,11:17:44,11:57:57,TRACK,40:12.794,1:16:05.379,1:17:23.858,20_Drive Time_Race.PDF,1,2
2022,16_Road America,Road America,road-america,2022-08-07,202208071040_Race,5,JDC Miller MotorSports | Cadillac DPi DPi,,,11:57:57,11:59:05,PIT,1:08.465,,1:08.465,20_Drive Time_Race.PDF,1,2
2022,16_Road America,Road America,road-america,2022-08-07,202208071040_Race,5,JDC Miller MotorSports | Cadillac DPi DPi,3,T. Vautier,11:59:05,12:36:05,TRACK,36:59.586,36:59.586,36:59.586,20_Drive Time_Race.PDF,1,2
2022,16_Road America,Road America,road-america,2022-08-07,202208071040_Race,5,JDC Miller MotorSports | Cadillac DPi DPi,,T. Vautier,12:36:05,12:37:13,PIT,1:08.059,36:59.586,38:07.645,20_Drive Time_Race.PDF,1,2
2022,16_Road America,Road America,road-america,2022-08-07,202208071040_Race,5,JDC Miller MotorSports | Cadillac DPi DPi,4,T. Vautier,12:37:13,13:20:33,TRACK,43:20.032,1:20:19.618,1:21:27.677,20_Drive Time_Race.PDF,1,2
2022,16_Road America,Road America,road-america,2022-08-07,202208071040_Race,8,Tower Motorsport | ORECA LMP2 07 LMP2,1,J. Farano,10:40:33,11:17:43,TRACK,37:09.854,37:09.854,37:09.854,20_Drive Time_Race.PDF,1,2
2022,16_Road America,Road America,road-america,2022-08-07,202208071040_Race,8,Tower Motorsport | ORECA LMP2 07 LMP2,,,11:17:43,11:18:59,PIT,1:15.721,,1:15.721,20_Drive Time_Race.PDF,1,2
2022,16_Road America,Road America,road-america,2022-08-07,202208071040_Race,8,Tower Motorsport | ORECA LMP2 07 LMP2,2,L. Deletraz,11:18:59,11:58:03,TRACK,39:04.021,39:04.021,39:04.021,20_Drive Time_Race.PDF,1,2
2022,16_Road America,Road America,road-america,2022-08-07,202208071040_Race,8,Tower Motorsport | ORECA LMP2 07 LMP2,,L. Deletraz,11:58:03,11:59:12,PIT,1:09.345,39:04.021,40:13.366,20_Drive Time_Race.PDF,1,2
2022,16_Road America,Road America,road-america,2022-08-07,202208071040_Race,8,Tower Motorsport | ORECA LMP2 07 LMP2,3,L. Deletraz,11:59:12,12:36:17,TRACK,37:04.974,1:16:08.995,1:17:18.340,20_Drive Time_Race.PDF,1,2
2022,16_Road America,Road America,road-america,2022-08-07,202208071040_Race,8,Tower Motorsport | ORECA LMP2 07 LMP2,,L. Deletraz,12:36:17,12:37:23,PIT,1:06.414,1:16:08.995,1:18:24.754,20_Drive Time_Race.PDF,1,2
2022,16_Road America,Road America,road-america,2022-08-07,202208071040_Race,8,Tower Motorsport | ORECA LMP2 07 LMP2,4,L. Deletraz,12:37:23,13:20:33,TRACK,43:09.671,1:59:18.666,2:01:34.425,20_Drive Time_Race.PDF,1,2
2022,16_Road America,Road America,road-america,2022-08-07,202208071040_Race,9,Pfaff Motorsports | Porsche 911 GT3R GTDPRO,1,M. Campbell,10:40:33,11:21:10,TRACK,40:36.599,40:36.599,40:36.599,20_Drive Time_Race.PDF,1,2
2022,16_Road America,Road America,road-america,2022-08-07,202208071040_Race,9,Pfaff Motorsports | Porsche 911 GT3R GTDPRO,,,11:21:10,11:22:18,PIT,1:07.953,,1:07.953,20_Drive Time_Race.PDF,1,2
2022,16_Road America,Road America,road-america,2022-08-07,202208071040_Race,9,Pfaff Motorsports | Porsche 911 GT3R GTDPRO,2,M. Jaminet,11:22:18,12:02:11,TRACK,39:53.789,39:53.789,39:53.789,20_Drive Time_Race.PDF,1,2
2022,16_Road America,Road America,road-america,2022-08-07,202208071040_Race,9,Pfaff Motorsports | Porsche 911 GT3R GTDPRO,,M. Jaminet,12:02:11,12:03:17,PIT,1:05.060,39:53.789,40:58.849,20_Drive Time_Race.PDF,1,2
2022,16_Road America,Road America,road-america,2022-08-07,202208071040_Race,9,Pfaff Motorsports | Porsche 911 GT3R GTDPRO,3,M. Jaminet,12:03:17,12:25:43,TRACK,22:26.928,1:02:20.717,1:03:25.777,20_Drive Time_Race.PDF,1,2
2022,16_Road America,Road America,road-america,2022-08-07,202208071040_Race,9,Pfaff Motorsports | Porsche 911 GT3R GTDPRO,,M. Jaminet,12:25:43,12:26:36,PIT,52.375,1:02:20.717,1:04:18.152,20_Drive Time_Race.PDF,1,2
2022,16_Road America,Road America,road-america,2022-08-07,202208071040_Race,9,Pfaff Motorsports | Porsche 911 GT3R GTDPRO,4,M. Jaminet,12:26:36,13:20:33,TRACK,53:57.296,1:56:18.013,1:58:15.448,20_Drive Time_Race.PDF,1,2
2022,16_Road America,Road America,road-america,2022-08-07,202208071040_Race,10,Konica Minolta Acura ARX-05 | Acura DPi DPi,1,F. Albuquerque,10:40:33,11:16:24,TRACK,35:50.462,35:50.462,35:50.462,20_Drive Time_Race.PDF,1,2
2022,16_Road America,Road America,road-america,2022-08-07,202208071040_Race,10,Konica Minolta Acura ARX-05 | Acura DPi DPi,,,11:16:24,11:17:32,PIT,1:08.001,,1:08.001,20_Drive Time_Race.PDF,1,2
2022,16_Road America,Road America,road-america,2022-08-07,202208071040_Race,10,Konica Minolta Acura ARX-05 | Acura DPi DPi,2,R. Taylor,11:17:32,11:39:06,TRACK,21:34.040,21:34.040,21:34.040,20_Drive Time_Race.PDF,1,2
2022,16_Road America,Road America,road-america,2022-08-07,202208071040_Race,10,Konica Minolta Acura ARX-05 | Acura DPi DPi,,R. Taylor,11:39:06,11:40:08,PIT,1:02.611,21:34.040,22:36.651,20_Drive Time_Race.PDF,1,2
2022,16_Road America,Road America,road-america,2022-08-07,202208071040_Race,10,Konica Minolta Acura ARX-05 | Acura DPi DPi,3,R. Taylor,11:40:08,11:58:48,TRACK,18:39.696,40:13.736,41:16.347,20_Drive Time_Race.PDF,1,2
2022,16_Road America,Road America,road-america,2022-08-07,202208071040_Race,10,Konica Minolta Acura ARX-05 | Acura DPi DPi,,,11:58:48,11:59:51,PIT,1:03.041,,2:11.042,20_Drive Time_Race.PDF,1,2
2022,16_Road America,Road America,road-america,2022-08-07,202208071040_Race,10,Konica Minolta Acura ARX-05 | Acura DPi DPi,4,F. Albuquerque,11:59:51,12:36:06,TRACK,36:14.881,1:12:05.343,1:12:05.343,20_Drive Time_Race.PDF,1,2
2022,16_Road America,Road America,road-america,2022-08-07,202208071040_Race,10,Konica Minolta Acura ARX-05 | Acura DPi DPi,,F. Albuquerque,12:36:06,12:37:06,PIT,1:00.370,1:12:05.343,1:13:05.713,20_Drive Time_Race.PDF,1,2
2022,16_Road America,Road America,road-america,2022-08-07,202208071040_Race,10,Konica Minolta Acura ARX-05 | Acura DPi DPi,5,F. Albuquerque,12:37:06,13:20:33,TRACK,43:26.898,1:55:32.241,1:56:32.611,20_Drive Time_Race.PDF,1,2
2022,16_Road America,Road America,road-america,2022-08-07,202208071040_Race,11,PR1 Mathiasen Motorsports | ORECA LMP2 07 LMP2,1,S. Thomas,10:40:33,11:28:17,TRACK,47:43.704,47:43.704,47:43.704,20_Drive Time_Race.PDF,1,2
2022,16_Road America,Road America,road-america,2022-08-07,202208071040_Race,11,PR1 Mathiasen Motorsports | ORECA LMP2 07 LMP2,,,11:28:17,11:29:49,PIT,1:32.443,,1:32.443,20_Drive Time_Race.PDF,1,2
2022,16_Road America,Road America,road-america,2022-08-07,202208071040_Race,11,PR1 Mathiasen Motorsports | ORECA LMP2 07 LMP2,2,T. Nunez,11:29:49,12:07:39,TRACK,37:49.749,37:49.749,37:49.749,20_Drive Time_Race.PDF,1,2
2022,16_Road America,Road America,road-america,2022-08-07,202208071040_Race,11,PR1 Mathiasen Motorsports | ORECA LMP2 07 LMP2,,T. Nunez,12:07:39,12:08:51,PIT,1:12.298,37:49.749,39:02.047,20_Drive Time_Race.PDF,1,2
2022,16_Road America,Road America,road-america,2022-08-07,202208071040_Race,11,PR1 Mathiasen Motorsports | ORECA LMP2 07 LMP2,3,T. Nunez,12:08:51,12:36:32,TRACK,27:40.557,1:05:30.306,1:06:42.604,20_Drive Time_Race.PDF,1,2
2022,16_Road America,Road America,road-america,2022-08-07,202208071040_Race,11,PR1 Mathiasen Motorsports | ORECA LMP2 07 LMP2,,T. Nunez,12:36:32,12:37:48,PIT,1:15.666,1:05:30.306,1:07:58.270,20_Drive Time_Race.PDF,1,2
2022,16_Road America,Road America,road-america,2022-08-07,202208071040_Race,11,PR1 Mathiasen Motorsports | ORECA LMP2 07 LMP2,4,T. Nunez,12:37:48,13:20:33,TRACK,42:45.583,1:48:15.889,1:50:43.853,20_Drive Time_Race.PDF,1,2
2022,16_Road America,Road America,road-america,2022-08-07,202208071040_Race,12,VasserSullivan | Lexus RC F GT3 GTD,1,F. Montecalvo,10:40:33,11:21:15,TRACK,40:41.667,40:41.667,40:41.667,20_Drive Time_Race.PDF,2,1
2022,16_Road America,Road America,road-america,2022-08-07,202208071040_Race,12,VasserSullivan | Lexus RC F GT3 GTD,,,11:21:15,11:22:22,PIT,1:07.342,,1:07.342,20_Drive Time_Race.PDF,2,1
2022,16_Road America,Road America,road-america,2022-08-07,202208071040_Race,12,VasserSullivan | Lexus RC F GT3 GTD,2,A. Telitz,11:22:22,12:02:07,TRACK,39:44.735,39:44.735,39:44.735,20_Drive Time_Race.PDF,2,1
2022,16_Road America,Road America,road-america,2022-08-07,202208071040_Race,12,VasserSullivan | Lexus RC F GT3 GTD,,A. Telitz,12:02:07,12:03:12,PIT,1:05.008,39:44.735,40:49.743,20_Drive Time_Race.PDF,2,1
2022,16_Road America,Road America,road-america,2022-08-07,202208071040_Race,12,VasserSullivan | Lexus RC F GT3 GTD,3,A. Telitz,12:03:12,13:20:33,TRACK,1:17:21.248,1:57:05.983,1:58:10.991,20_Drive Time_Race.PDF,2,1
2022,16_Road America,Road America,road-america,2022-08-07,202208071040_Race,13,AWA | Duqueine D08 LMP3,1,O. Fidani,10:40:33,11:16:41,TRACK,36:07.703,36:07.703,36:07.703,20_Drive Time_Race.PDF,2,1
2022,16_Road America,Road America,road-america,2022-08-07,202208071040_Race,13,AWA | Duqueine D08 LMP3,,,11:16:41,11:17:56,PIT,1:14.725,,1:14.725,20_Drive Time_Race.PDF,2,1
2022,16_Road America,Road America,road-america,2022-08-07,202208071040_Race,13,AWA | Duqueine D08 LMP3,2,M. Bell,11:17:56,11:58:13,TRACK,40:17.895,40:17.895,40:17.895,20_Drive Time_Race.PDF,2,1
2022,16_Road America,Road America,road-america,2022-08-07,202208071040_Race,13,AWA | Duqueine D08 LMP3,,M. Bell,11:58:13,11:59:35,PIT,1:21.311,40:17.895,41:39.206,20_Drive Time_Race.PDF,2,1
2022,16_Road America,Road America,road-america,2022-08-07,202208071040_Race,13,AWA | Duqueine D08 LMP3,3,M. Bell,11:59:35,12:26:52,TRACK,27:17.426,1:07:35.321,1:08:56.632,20_Drive Time_Race.PDF,2,1
2022,16_Road America,Road America,road-america,2022-08-07,202208071040_Race,13,AWA | Duqueine D08 LMP3,,M. Bell,12:26:52,12:27:54,PIT,1:01.635,1:07:35.321,1:09:58.267,20_Drive Time_Race.PDF,2,1
2022,16_Road America,Road America,road-america,2022-08-07,202208071040_Race,13,AWA | Duqueine D08 LMP3,4,M. Bell,12:27:54,12:36:35,TRACK,8:41.702,1:16:17.023,1:18:39.969,20_Drive Time_Race.PDF,2,1
2022,16_Road America,Road America,road-america,2022-08-07,202208071040_Race,13,AWA | Duqueine D08 LMP3,,M. Bell,12:36:35,12:37:37,PIT,1:01.516,1:16:17.023,1:19:41.485,20_Drive Time_Race.PDF,2,1
2022,16_Road America,Road America,road-america,2022-08-07,202208071040_Race,13,AWA | Duqueine D08 LMP3,5,M. Bell,12:37:37,13:20:33,TRACK,42:56.087,1:59:13.110,2:02:37.572,20_Drive Time_Race.PDF,2,1
2022,16_Road America,Road America,road-america,2022-08-07,202208071040_Race,14,VasserSullivan | Lexus RC F GT3 GTDPRO,1,J. Hawksworth,10:40:33,11:21:09,TRACK,40:35.864,40:35.864,40:35.864,20_Drive Time_Race.PDF,2,1
2022,16_Road America,Road America,road-america,2022-08-07,202208071040_Race,14,VasserSullivan | Lexus RC F GT3 GTDPRO,,,11:21:09,11:22:17,PIT,1:08.086,,1:08.086,20_Drive Time_Race.PDF,2,1
2022,16_Road America,Road America,road-america,2022-08-07,202208071040_Race,14,VasserSullivan | Lexus RC F GT3 GTDPRO,2,B. Barnicoat,11:22:17,12:02:12,TRACK,39:54.797,39:54.797,39:54.797,20_Drive Time_Race.PDF,2,1
2022,16_Road America,Road America,road-america,2022-08-07,202208071040_Race,14,VasserSullivan | Lexus RC F GT3 GTDPRO,,B. Barnicoat,12:02:12,12:03:18,PIT,1:05.977,39:54.797,41:00.774,20_Drive Time_Race.PDF,2,1
2022,16_Road America,Road America,road-america,2022-08-07,202208071040_Race,14,VasserSullivan | Lexus RC F GT3 GTDPRO,3,B. Barnicoat,12:03:18,13:20:33,TRACK,1:17:15.276,1:57:10.073,1:58:16.050,20_Drive Time_Race.PDF,2,1
2022,16_Road America,Road America,road-america,2022-08-07,202208071040_Race,16,Wright Motorsports | Porsche 911 GT3R GTD,1,R. Hardwick,10:40:33,11:21:20,TRACK,40:47.035,40:47.035,40:47.035,20_Drive Time_Race.PDF,2,1
2022,16_Road America,Road America,road-america,2022-08-07,202208071040_Race,16,Wright Motorsports | Porsche 911 GT3R GTD,,,11:21:20,11:22:29,PIT,1:08.846,,1:08.846,20_Drive Time_Race.PDF,2,1
2022,16_Road America,Road America,road-america,2022-08-07,202208071040_Race,16,Wright Motorsports | Porsche 911 GT3R GTD,2,J. Heylen,11:22:29,12:02:05,TRACK,39:36.348,39:36.348,39:36.348,20_Drive Time_Race.PDF,2,1
2022,16_Road America,Road America,road-america,2022-08-07,202208071040_Race,16,Wright Motorsports | Porsche 911 GT3R GTD,,J. Heylen,12:02:05,12:03:09,PIT,1:03.746,39:36.348,40:40.094,20_Drive Time_Race.PDF,2,1
2022,16_Road America,Road America,road-america,2022-08-07,202208071040_Race,16,Wright Motorsports | Porsche 911 GT3R GTD,3,J. Heylen,12:03:09,12:40:17,TRACK,37:07.978,1:16:44.326,1:17:48.072,20_Drive Time_Race.PDF,2,1
2022,16_Road America,Road America,road-america,2022-08-07,202208071040_Race,16,Wright Motorsports | Porsche 911 GT3R GTD,,J. Heylen,12:40:17,12:41:28,PIT,1:11.213,1:16:44.326,1:18:59.285,20_Drive Time_Race.PDF,2,1
2022,16_Road America,Road America,road-america,2022-08-07,202208071040_Race,16,Wright Motorsports | Porsche 911 GT3R GTD,4,J. Heylen,12:41:28,13:20:33,TRACK,39:04.834,1:55:49.160,1:58:04.119,20_Drive Time_Race.PDF,2,1
2022,16_Road America,Road America,road-america,2022-08-07,202208071040_Race,18,Era Motorsport | ORECA LMP2 07 LMP2,1,D. Merriman,10:40:33,11:16:43,TRACK,36:09.684,36:09.684,36:09.684,20_Drive Time_Race.PDF,2,1
2022,16_Road America,Road America,road-america,2022-08-07,202208071040_Race,18,Era Motorsport | ORECA LMP2 07 LMP2,,,11:16:43,11:17:59,PIT,1:16.025,,1:16.025,20_Drive Time_Race.PDF,2,1
2022,16_Road America,Road America,road-america,2022-08-07,202208071040_Race,18,Era Motorsport | ORECA LMP2 07 LMP2,2,R. Dalziel,11:17:59,11:34:45,TRACK,16:46.003,16:46.003,16:46.003,20_Drive Time_Race.PDF,2,2
2022,16_Road America,Road America,road-america,2022-08-07,202208071040_Race,18,Era Motorsport | ORECA LMP2 07 LMP2,,R. Dalziel,11:34:45,11:35:50,PIT,1:05.203,16:46.003,17:51.206,20_Drive Time_Race.PDF,2,2
2022,16_Road America,Road America,road-america,2022-08-07,202208071040_Race,18,Era Motorsport | ORECA LMP2 07 LMP2,3,R. Dalziel,11:35:50,11:59:24,TRACK,23:33.712,40:19.715,41:24.918,20_Drive Time_Race.PDF,2,2
2022,16_Road America,Road America,road-america,2022-08-07,202208071040_Race,18,Era Motorsport | ORECA LMP2 07 LMP2,,R. Dalziel,11:59:24,12:00:32,PIT,1:08.320,40:19.715,42:33.238,20_Drive Time_Race.PDF,2,2
2022,16_Road America,Road America,road-america,2022-08-07,202208071040_Race,18,Era Motorsport | ORECA LMP2 07 LMP2,4,R. Dalziel,12:00:32,12:06:16,TRACK,5:44.408,46:04.123,48:17.646,20_Drive Time_Race.PDF,2,2
2022,16_Road America,Road America,road-america,2022-08-07,202208071040_Race,18,Era Motorsport | ORECA LMP2 07 LMP2,,R. Dalziel,12:06:16,12:07:13,PIT,56.674,46:04.123,49:14.320,20_Drive Time_Race.PDF,2,2
2022,16_Road America,Road America,road-america,2022-08-07,202208071040_Race,18,Era Motorsport | ORECA LMP2 07 LMP2,5,R. Dalziel,12:07:13,12:36:23,TRACK,29:10.163,1:15:14.286,1:18:24.483,20_Drive Time_Race.PDF,2,2
2022,16_Road America,Road America,road-america,2022-08-07,202208071040_Race,18,Era Motorsport | ORECA LMP2 07 LMP2,,R. Dalziel,12:36:23,12:37:29,PIT,1:05.593,1:15:14.286,1:19:30.076,20_Drive Time_Race.PDF,2,2
2022,16_Road America,Road America,road-america,2022-08-07,202208071040_Race,18,Era Motorsport | ORECA LMP2 07 LMP2,6,R. Dalziel,12:37:29,13:20:33,TRACK,43:04.215,1:58:18.501,2:02:34.291,20_Drive Time_Race.PDF,2,2
2022,16_Road America,Road America,road-america,2022-08-07,202208071040_Race,20,High Class Racing | ORECA LMP2 07 LMP2,1,D. Andersen,10:40:33,11:17:46,TRACK,37:12.946,37:12.946,37:12.946,20_Drive Time_Race.PDF,2,2
2022,16_Road America,Road America,road-america,2022-08-07,202208071040_Race,20,High Class Racing | ORECA LMP2 07 LMP2,,,11:17:46,11:19:05,PIT,1:18.814,,1:18.814,20_Drive Time_Race.PDF,2,2
2022,16_Road America,Road America,road-america,2022-08-07,202208071040_Race,20,High Class Racing | ORECA LMP2 07 LMP2,2,F. Scherer,11:19:05,11:25:55,TRACK,6:49.828,6:49.828,6:49.828,20_Drive Time_Race.PDF,2,2
2022,16_Road America,Road America,road-america,2022-08-07,202208071040_Race,20,High Class Racing | ORECA LMP2 07 LMP2,,F. Scherer,11:25:55,11:27:28,PIT,1:32.899,6:49.828,8:22.727,20_Drive Time_Race.PDF,2,2
2022,16_Road America,Road America,road-america,2022-08-07,202208071040_Race,20,High Class Racing | ORECA LMP2 07 LMP2,3,F. Scherer,11:27:28,11:32:06,TRACK,4:38.374,11:28.202,13:01.101,20_Drive Time_Race.PDF,2,2
2022,16_Road America,Road America,road-america,2022-08-07,202208071040_Race,20,High Class Racing | ORECA LMP2 07 LMP2,,F. Scherer,11:32:06,11:32:46,PIT,39.629,11:28.202,13:40.730,20_Drive Time_Race.PDF,2,2
2022,16_Road America,Road America,road-america,2022-08-07,202208071040_Race,20,High Class Racing | ORECA LMP2 07 LMP2,4,F. Scherer,11:32:46,11:58:33,TRACK,25:46.977,37:15.179,39:27.707,20_Drive Time_Race.PDF,2,2
2022,16_Road America,Road America,road-america,2022-08-07,202208071040_Race,20,High Class Racing | ORECA LMP2 07 LMP2,,F. Scherer,11:58:33,11:59:45,PIT,1:12.542,37:15.179,40:40.249,20_Drive Time_Race.PDF,2,2
2022,16_Road America,Road America,road-america,2022-08-07,202208071040_Race,20,High Class Racing | ORECA LMP2 07 LMP2,5,F. Scherer,11:59:45,12:36:29,TRACK,36:44.241,1:13:59.420,1:17:24.490,20_Drive Time_Race.PDF,2,2
2022,16_Road America,Road America,road-america,2022-08-07,202208071040_Race,20,High Class Racing | ORECA LMP2 07 LMP2,,F. Scherer,12:36:29,12:37:38,PIT,1:08.635,1:13:59.420,1:18:33.125,20_Drive Time_Race.PDF,2,2
2022,16_Road America,Road America,road-america,2022-08-07,202208071040_Race,20,High Class Racing | ORECA LMP2 07 LMP2,6,F. Scherer,12:37:38,13:20:33,TRACK,42:55.115,1:56:54.535,2:01:28.240,20_Drive Time_Race.PDF,2,2
2022,16_Road America,Road America,road-america,2022-08-07,202208071040_Race,23,Heart of Racing Team | Aston Martin Vantage GT3 GTDPRO,1,A. Riberas,10:40:33,11:21:13,TRACK,40:39.683,40:39.683,40:39.683,20_Drive Time_Race.PDF,2,2
2022,16_Road America,Road America,road-america,2022-08-07,202208071040_Race,23,Heart of Racing Team | Aston Martin Vantage GT3 GTDPRO,,,11:21:13,11:22:24,PIT,1:11.089,,1:11.089,20_Drive Time_Race.PDF,2,2
2022,16_Road America,Road America,road-america,2022-08-07,202208071040_Race,23,Heart of Racing Team | Aston Martin Vantage GT3 GTDPRO,2,R. Gunn,11:22:24,12:02:18,TRACK,39:54.368,39:54.368,39:54.368,20_Drive Time_Race.PDF,2,2
2022,16_Road America,Road America,road-america,2022-08-07,202208071040_Race,23,Heart of Racing Team | Aston Martin Vantage GT3 GTDPRO,,R. Gunn,12:02:18,12:03:24,PIT,1:05.974,39:54.368,41:00.342,20_Drive Time_Race.PDF,2,2
2022,16_Road America,Road America,road-america,2022-08-07,202208071040_Race,23,Heart of Racing Team | Aston Martin Vantage GT3 GTDPRO,3,R. Gunn,12:03:24,12:40:22,TRACK,36:57.929,1:16:52.297,1:17:58.271,20_Drive Time_Race.PDF,2,2
2022,16_Road America,Road America,road-america,2022-08-07,202208071040_Race,23,Heart of Racing Team | Aston Martin Vantage GT3 GTDPRO,,R. Gunn,12:40:22,12:41:31,PIT,1:09.096,1:16:52.297,1:19:07.367,20_Drive Time_Race.PDF,2,2
2022,16_Road America,Road America,road-america,2022-08-07,202208071040_Race,23,Heart of Racing Team | Aston Martin Vantage GT3 GTDPRO,4,R. Gunn,12:41:31,13:20:33,TRACK,39:01.861,1:55:54.158,1:58:09.228,20_Drive Time_Race.PDF,2,2
2022,16_Road America,Road America,road-america,2022-08-07,202208071040_Race,25,BMW M Team RLL | BMW M4 GT3 GTDPRO,1,J. Edwards,10:40:33,10:55:27,TRACK,14:54.094,14:54.094,14:54.094,20_Drive Time_Race.PDF,2,2
2022,16_Road America,Road America,road-america,2022-08-07,202208071040_Race,25,BMW M Team RLL | BMW M4 GT3 GTDPRO,,J. Edwards,10:55:27,11:01:48,PIT,6:20.308,14:54.094,21:14.402,20_Drive Time_Race.PDF,2,2
2022,16_Road America,Road America,road-america,2022-08-07,202208071040_Race,25,BMW M Team RLL | BMW M4 GT3 GTDPRO,2,J. Edwards,11:01:48,11:28:07,TRACK,26:19.598,41:13.692,47:34.000,20_Drive Time_Race.PDF,2,2
2022,16_Road America,Road America,road-america,2022-08-07,202208071040_Race,25,BMW M Team RLL | BMW M4 GT3 GTDPRO,,,11:28:07,11:34:54,PIT,6:46.987,,6:46.987,20_Drive Time_Race.PDF,2,2
2022,16_Road America,Road America,road-america,2022-08-07,202208071040_Race,25,BMW M Team RLL | BMW M4 GT3 GTDPRO,3,C. De Phillippi,11:34:54,12:26:39,TRACK,51:45.134,51:45.134,51:45.134,20_Drive Time_Race.PDF,2,2
2022,16_Road America,Road America,road-america,2022-08-07,202208071040_Race,25,BMW M Team RLL | BMW M4 GT3 GTDPRO,,C. De Phillippi,12:26:39,12:27:56,PIT,1:16.470,51:45.134,53:01.604,20_Drive Time_Race.PDF,2,2
2022,16_Road America,Road America,road-america,2022-08-07,202208071040_Race,25,BMW M Team RLL | BMW M4 GT3 GTDPRO,4,C. De Phillippi,12:27:56,13:20:33,TRACK,52:37.409,1:44:22.543,1:45:39.013,20_Drive Time_Race.PDF,2,2
2022,16_Road America,Road America,road-america,2022-08-07,202208071040_Race,27,Heart of Racing Team | Aston Martin Vantage GT3 GTD,1,R. De Angelis,10:40:33,11:21:13,TRACK,40:40.283,40:40.283,40:40.283,20_Drive Time_Race.PDF,2,2
2022,16_Road America,Road America,road-america,2022-08-07,202208071040_Race,27,Heart of Racing Team | Aston Martin Vantage GT3 GTD,,,11:21:13,11:22:25,PIT,1:11.147,,1:11.147,20_Drive Time_Race.PDF,2,2
2022,16_Road America,Road America,road-america,2022-08-07,202208071040_Race,27,Heart of Racing Team | Aston Martin Vantage GT3 GTD,2,M. Martin,11:22:25,12:02:06,TRACK,39:41.807,39:41.807,39:41.807,20_Drive Time_Race.PDF,3,1
2022,16_Road America,Road America,road-america,2022-08-07,202208071040_Race,27,Heart of Racing Team | Aston Martin Vantage GT3 GTD,,M. Martin,12:02:06,12:03:11,PIT,1:04.989,39:41.807,40:46.796,20_Drive Time_Race.PDF,3,1
2022,16_Road America,Road America,road-america,2022-08-07,202208071040_Race,27,Heart of Racing Team | Aston Martin Vantage GT3 GTD,3,M. Martin,12:03:11,12:40:18,TRACK,37:06.356,1:16:48.163,1:17:53.152,20_Drive Time_Race.PDF,3,1
2022,16_Road America,Road America,road-america,2022-08-07,202208071040_Race,27,Heart of Racing Team | Aston Martin Vantage GT3 GTD,,M. Martin,12:40:18,12:41:09,PIT,51.091,1:16:48.163,1:18:44.243,20_Drive Time_Race.PDF,3,1
2022,16_Road America,Road America,road-america,2022-08-07,202208071040_Race,27,Heart of Racing Team | Aston Martin Vantage GT3 GTD,4,M. Martin,12:41:09,13:20:33,TRACK,39:24.327,1:56:12.490,1:58:08.570,20_Drive Time_Race.PDF,3,1
2022,16_Road America,Road America,road-america,2022-08-07,202208071040_Race,30,Jr III Racing | Ligier JS P320 LMP3,1,A. Balogh,10:40:33,11:16:37,TRACK,36:04.198,36:04.198,36:04.198,20_Drive Time_Race.PDF,3,1
2022,16_Road America,Road America,road-america,2022-08-07,202208071040_Race,30,Jr III Racing | Ligier JS P320 LMP3,,,11:16:37,11:17:57,PIT,1:19.339,,1:19.339,20_Drive Time_Race.PDF,3,1
2022,16_Road America,Road America,road-america,2022-08-07,202208071040_Race,30,Jr III Racing | Ligier JS P320 LMP3,2,G. Grist,11:17:57,11:58:31,TRACK,40:34.711,40:34.711,40:34.711,20_Drive Time_Race.PDF,3,1
2022,16_Road America,Road America,road-america,2022-08-07,202208071040_Race,30,Jr III Racing | Ligier JS P320 LMP3,,G. Grist,11:58:31,11:59:44,PIT,1:12.952,40:34.711,41:47.663,20_Drive Time_Race.PDF,3,1
2022,16_Road America,Road America,road-america,2022-08-07,202208071040_Race,30,Jr III Racing | Ligier JS P320 LMP3,3,G. Grist,11:59:44,12:36:31,TRACK,36:46.939,1:17:21.650,1:18:34.602,20_Drive Time_Race.PDF,3,1
2022,16_Road America,Road America,road-america,2022-08-07,202208071040_Race,30,Jr III Racing | Ligier JS P320 LMP3,,G. Grist,12:36:31,12:37:42,PIT,1:10.351,1:17:21.650,1:19:44.953,20_Drive Time_Race.PDF,3,1
2022,16_Road America,Road America,road-america,2022-08-07,202208071040_Race,30,Jr III Racing | Ligier JS P320 LMP3,4,G. Grist,12:37:42,13:20:33,TRACK,42:51.510,2:00:13.160,2:02:36.463,20_Drive Time_Race.PDF,3,1
2022,16_Road America,Road America,road-america,2022-08-07,202208071040_Race,31,Whelen Engineering Racing | Cadillac DPi DPi,1,O. Pla,10:40:33,11:16:26,TRACK,35:53.241,35:53.241,35:53.241,20_Drive Time_Race.PDF,3,1
2022,16_Road America,Road America,road-america,2022-08-07,202208071040_Race,31,Whelen Engineering Racing | Cadillac DPi DPi,,,11:16:26,11:17:38,PIT,1:12.102,,1:12.102,20_Drive Time_Race.PDF,3,1
2022,16_Road America,Road America,road-america,2022-08-07,202208071040_Race,31,Whelen Engineering Racing | Cadillac DPi DPi,2,P. Derani,11:17:38,11:39:12,TRACK,21:33.682,21:33.682,21:33.682,20_Drive Time_Race.PDF,3,1
2022,16_Road America,Road America,road-america,2022-08-07,202208071040_Race,31,Whelen Engineering Racing | Cadillac DPi DPi,,P. Derani,11:39:12,11:40:17,PIT,1:04.587,21:33.682,22:38.269,20_Drive Time_Race.PDF,3,1
2022,16_Road America,Road America,road-america,2022-08-07,202208071040_Race,31,Whelen Engineering Racing | Cadillac DPi DPi,3,P. Derani,11:40:17,11:58:53,TRACK,18:36.548,40:10.230,41:14.817,20_Drive Time_Race.PDF,3,1
2022,16_Road America,Road America,road-america,2022-08-07,202208071040_Race,31,Whelen Engineering Racing | Cadillac DPi DPi,,P. Derani,11:58:53,11:59:55,PIT,1:02.223,40:10.230,42:17.040,20_Drive Time_Race.PDF,3,1
2022,16_Road America,Road America,road-america,2022-08-07,202208071040_Race,31,Whelen Engineering Racing | Cadillac DPi DPi,4,P. Derani,11:59:55,12:06:13,TRACK,6:17.576,46:27.806,48:34.616,20_Drive Time_Race.PDF,3,1
2022,16_Road America,Road America,road-america,2022-08-07,202208071040_Race,31,Whelen Engineering Racing | Cadillac DPi DPi,,P. Derani,12:06:13,12:07:11,PIT,57.908,46:27.806,49:32.524,20_Drive Time_Race.PDF,3,1
2022,16_Road America,Road America,road-america,2022-08-07,202208071040_Race,31,Whelen Engineering Racing | Cadillac DPi DPi,5,P. Derani,12:07:11,12:10:09,TRACK,2:58.059,49:25.865,52:30.583,20_Drive Time_Race.PDF,3,1
2022,16_Road America,Road America,road-america,2022-08-07,202208071040_Race,31,Whelen Engineering Racing | Cadillac DPi DPi,,P. Derani,12:10:09,12:10:53,PIT,44.150,49:25.865,53:14.733,20_Drive Time_Race.PDF,3,1
2022,16_Road America,Road America,road-america,2022-08-07,202208071040_Race,31,Whelen Engineering Racing | Cadillac DPi DPi,6,P. Derani,12:10:53,12:36:29,TRACK,25:35.433,1:15:01.298,1:18:50.166,20_Drive Time_Race.PDF,3,1
2022,16_Road America,Road America,road-america,2022-08-07,202208071040_Race,31,Whelen Engineering Racing | Cadillac DPi DPi,,P. Derani,12:36:29,12:37:43,PIT,1:14.549,1:15:01.298,1:20:04.715,20_Drive Time_Race.PDF,3,1
2022,16_Road America,Road America,road-america,2022-08-07,202208071040_Race,31,Whelen Engineering Racing | Cadillac DPi DPi,7,P. Derani,12:37:43,13:20:33,TRACK,42:49.942,1:57:51.240,2:02:54.657,20_Drive Time_Race.PDF,3,1
2022,16_Road America,Road America,road-america,2022-08-07,202208071040_Race,32,Team Korthoff Motorsports | Mercedes-AMG GT3 GTD,1,S. McAleer,10:40:33,11:21:12,TRACK,40:39.055,40:39.055,40:39.055,20_Drive Time_Race.PDF,3,1
2022,16_Road America,Road America,road-america,2022-08-07,202208071040_Race,32,Team Korthoff Motorsports | Mercedes-AMG GT3 GTD,,,11:21:12,11:22:23,PIT,1:11.094,,1:11.094,20_Drive Time_Race.PDF,3,1
2022,16_Road America,Road America,road-america,2022-08-07,202208071040_Race,32,Team Korthoff Motorsports | Mercedes-AMG GT3 GTD,2,M. Skeen,11:22:23,12:02:04,TRACK,39:41.120,39:41.120,39:41.120,20_Drive Time_Race.PDF,3,1
2022,16_Road America,Road America,road-america,2022-08-07,202208071040_Race,32,Team Korthoff Motorsports | Mercedes-AMG GT3 GTD,,M. Skeen,12:02:04,12:03:08,PIT,1:03.629,39:41.120,40:44.749,20_Drive Time_Race.PDF,3,1
2022,16_Road America,Road America,road-america,2022-08-07,202208071040_Race,32,Team Korthoff Motorsports | Mercedes-AMG GT3 GTD,3,M. Skeen,12:03:08,12:40:14,TRACK,37:05.566,1:16:46.686,1:17:50.315,20_Drive Time_Race.PDF,3,1
2022,16_Road America,Road America,road-america,2022-08-07,202208071040_Race,32,Team Korthoff Motorsports | Mercedes-AMG GT3 GTD,,M. Skeen,12:40:14,12:41:28,PIT,1:13.938,1:16:46.686,1:19:04.253,20_Drive Time_Race.PDF,3,1
2022,16_Road America,Road America,road-america,2022-08-07,202208071040_Race,32,Team Korthoff Motorsports | Mercedes-AMG GT3 GTD,4,M. Skeen,12:41:28,13:20:33,TRACK,39:05.598,1:55:52.284,1:58:09.851,20_Drive Time_Race.PDF,3,1
2022,16_Road America,Road America,road-america,2022-08-07,202208071040_Race,33,Sean Creech Motorsport | Ligier JS P320 LMP3,1,M. Jakobsen,10:40:33,11:16:28,TRACK,35:55.089,35:55.089,35:55.089,20_Drive Time_Race.PDF,3,1
2022,16_Road America,Road America,road-america,2022-08-07,202208071040_Race,33,Sean Creech Motorsport | Ligier JS P320 LMP3,,,11:16:28,11:17:47,PIT,1:18.542,,1:18.542,20_Drive Time_Race.PDF,3,1
2022,16_Road America,Road America,road-america,2022-08-07,202208071040_Race,33,Sean Creech Motorsport | Ligier JS P320 LMP3,2,J. Barbosa,11:17:47,11:58:12,TRACK,40:25.474,40:25.474,40:25.474,20_Drive Time_Race.PDF,3,1
2022,16_Road America,Road America,road-america,2022-08-07,202208071040_Race,33,Sean Creech Motorsport | Ligier JS P320 LMP3,,,11:58:12,11:59:35,PIT,1:23.213,,2:41.755,20_Drive Time_Race.PDF,3,1
2022,16_Road America,Road America,road-america,2022-08-07,202208071040_Race,33,Sean Creech Motorsport | Ligier JS P320 LMP3,3,M. Jakobsen,11:59:35,12:24:38,TRACK,25:02.907,1:00:57.996,1:00:57.996,20_Drive Time_Race.PDF,3,2
2022,16_Road America,Road America,road-america,2022-08-07,202208071040_Race,36,Andretti Autosport | Ligier JS P320 LMP3,1,J. Andretti,10:40:33,11:16:30,TRACK,35:56.417,35:56.417,35:56.417,20_Drive Time_Race.PDF,3,2
2022,16_Road America,Road America,road-america,2022-08-07,202208071040_Race,36,Andretti Autosport | Ligier JS P320 LMP3,,,11:16:30,11:17:39,PIT,1:09.630,,1:09.630,20_Drive Time_Race.PDF,3,2
2022,16_Road America,Road America,road-america,2022-08-07,202208071040_Race,36,Andretti Autosport | Ligier JS P320 LMP3,2,G. Chaves,11:17:39,11:58:10,TRACK,40:31.092,40:31.092,40:31.092,20_Drive Time_Race.PDF,3,2
2022,16_Road America,Road America,road-america,2022-08-07,202208071040_Race,36,Andretti Autosport | Ligier JS P320 LMP3,,G. Chaves,11:58:10,11:59:20,PIT,1:09.883,40:31.092,41:40.975,20_Drive Time_Race.PDF,3,2
2022,16_Road America,Road America,road-america,2022-08-07,202208071040_Race,36,Andretti Autosport | Ligier JS P320 LMP3,3,G. Chaves,11:59:20,12:27:02,TRACK,27:42.162,1:08:13.254,1:09:23.137,20_Drive Time_Race.PDF,3,2
2022,16_Road America,Road America,road-america,2022-08-07,202208071040_Race,36,Andretti Autosport | Ligier JS P320 LMP3,,G. Chaves,12:27:02,12:30:05,PIT,3:02.725,1:08:13.254,1:12:25.862,20_Drive Time_Race.PDF,3,2
2022,16_Road America,Road America,road-america,2022-08-07,202208071040_Race,36,Andretti Autosport | Ligier JS P320 LMP3,4,G. Chaves,12:30:05,12:46:19,TRACK,16:13.586,1:24:26.840,1:28:39.448,20_Drive Time_Race.PDF,3,2
2022,16_Road America,Road America,road-america,2022-08-07,202208071040_Race,36,Andretti Autosport | Ligier JS P320 LMP3,,G. Chaves,12:46:19,12:48:00,PIT,1:41.436,1:24:26.840,1:30:20.884,20_Drive Time_Race.PDF,3,2
2022,16_Road America,Road America,road-america,2022-08-07,202208071040_Race,36,Andretti Autosport | Ligier JS P320 LMP3,5,G. Chaves,12:48:00,13:20:33,TRACK,32:33.069,1:56:59.909,2:02:53.953,20_Drive Time_Race.PDF,3,2
2022,16_Road America,Road America,road-america,2022-08-07,202208071040_Race,38,Performance Tech Motorsports | Ligier JS P320 LMP3,1,C. Shields,10:40:33,11:16:29,TRACK,35:55.896,35:55.896,35:55.896,20_Drive Time_Race.PDF,3,2
2022,16_Road America,Road America,road-america,2022-08-07,202208071040_Race,38,Performance Tech Motorsports | Ligier JS P320 LMP3,,C. Shields,11:16:29,11:17:40,PIT,1:11.269,35:55.896,37:07.165,20_Drive Time_Race.PDF,3,2
2022,16_Road America,Road America,road-america,2022-08-07,202208071040_Race,38,Performance Tech Motorsports | Ligier JS P320 LMP3,2,C. Shields,11:17:40,11:25:22,TRACK,7:41.553,43:37.449,44:48.718,20_Drive Time_Race.PDF,3,2
2022,16_Road America,Road America,road-america,2022-08-07,202208071040_Race,38,Performance Tech Motorsports | Ligier JS P320 LMP3,,C. Shields,11:25:22,11:26:39,PIT,1:17.262,43:37.449,46:05.980,20_Drive Time_Race.PDF,3,2
2022,16_Road America,Road America,road-america,2022-08-07,202208071040_Race,38,Performance Tech Motorsports | Ligier JS P320 LMP3,3,C. Shields,11:26:39,12:06:06,TRACK,39:26.460,1:23:03.909,1:25:32.440,20_Drive Time_Race.PDF,3,2
2022,16_Road America,Road America,road-america,2022-08-07,202208071040_Race,38,Performance Tech Motorsports | Ligier JS P320 LMP3,,,12:06:06,12:07:32,PIT,1:26.019,,1:26.019,20_Drive Time_Race.PDF,3,2
2022,16_Road America,Road America,road-america,2022-08-07,202208071040_Race,38,Performance Tech Motorsports | Ligier JS P320 LMP3,4,J. French,12:07:32,13:20:33,TRACK,1:13:01.541,1:13:01.541,1:13:01.541,20_Drive Time_Race.PDF,3,2
2022,16_Road America,Road America,road-america,2022-08-07,202208071040_Race,39,CarBahn with Peregrine Racing | Lamborghini Huracan GT3 GTD,1,R. Megennis,10:40:33,11:21:11,TRACK,40:38.277,40:38.277,40:38.277,20_Drive Time_Race.PDF,3,2
2022,16_Road America,Road America,road-america,2022-08-07,202208071040_Race,39,CarBahn with Peregrine Racing | Lamborghini Huracan GT3 GTD,,R. Megennis,11:21:11,11:22:21,PIT,1:09.939,40:38.277,41:48.216,20_Drive Time_Race.PDF,3,2
2022,16_Road America,Road America,road-america,2022-08-07,202208071040_Race,39,CarBahn with Peregrine Racing | Lamborghini Huracan GT3 GTD,2,R. Megennis,11:22:21,11:40:00,TRACK,17:38.950,58:17.227,59:27.166,20_Drive Time_Race.PDF,3,2
2022,16_Road America,Road America,road-america,2022-08-07,202208071040_Race,39,CarBahn with Peregrine Racing | Lamborghini Huracan GT3 GTD,,,11:40:00,11:41:12,PIT,1:12.209,,1:12.209,20_Drive Time_Race.PDF,3,2
2022,16_Road America,Road America,road-america,2022-08-07,202208071040_Race,39,CarBahn with Peregrine Racing | Lamborghini Huracan GT3 GTD,3,J. Westphal,11:41:12,12:02:09,TRACK,20:56.791,20:56.791,20:56.791,20_Drive Time_Race.PDF,3,2
2022,16_Road America,Road America,road-america,2022-08-07,202208071040_Race,39,CarBahn with Peregrine Racing | Lamborghini Huracan GT3 GTD,,J. Westphal,12:02:09,12:03:14,PIT,1:04.987,20:56.791,22:01.778,20_Drive Time_Race.PDF,3,2
2022,16_Road America,Road America,road-america,2022-08-07,202208071040_Race,39,CarBahn with Peregrine Racing | Lamborghini Huracan GT3 GTD,4,J. Westphal,12:03:14,13:20:33,TRACK,1:17:18.847,1:38:15.638,1:39:20.625,20_Drive Time_Race.PDF,3,2
2022,16_Road America,Road America,road-america,2022-08-07,202208071040_Race,42,NTE/SSR | Lamborghini Huracan GT3 GTD,1,J. Conwright,10:40:33,11:21:15,TRACK,40:42.291,40:42.291,40:42.291,20_Drive Time_Race.PDF,3,2
2022,16_Road America,Road America,road-america,2022-08-07,202208071040_Race,42,NTE/SSR | Lamborghini Huracan GT3 GTD,,,11:21:15,11:22:33,PIT,1:17.581,,1:17.581,20_Drive Time_Race.PDF,3,2
2022,16_Road America,Road America,road-america,2022-08-07,202208071040_Race,42,NTE/SSR | Lamborghini Huracan GT3 GTD,2,M. Holzer,11:22:33,12:02:06,TRACK,39:32.890,39:32.890,39:32.890,20_Drive Time_Race.PDF,3,2
2022,16_Road America,Road America,road-america,2022-08-07,202208071040_Race,42,NTE/SSR | Lamborghini Huracan GT3 GTD,,M. Holzer,12:02:06,12:03:20,PIT,1:13.964,39:32.890,40:46.854,20_Drive Time_Race.PDF,3,2
2022,16_Road America,Road America,road-america,2022-08-07,202208071040_Race,42,NTE/SSR | Lamborghini Huracan GT3 GTD,3,M. Holzer,12:03:20,12:21:30,TRACK,18:09.684,57:42.574,58:56.538,20_Drive Time_Race.PDF,3,2
2022,16_Road America,Road America,road-america,2022-08-07,202208071040_Race,42,NTE/SSR | Lamborghini Huracan GT3 GTD,,M. Holzer,12:21:30,12:22:37,PIT,1:07.829,57:42.574,1:00:04.367,20_Drive Time_Race.PDF,3,2
2022,16_Road America,Road America,road-america,2022-08-07,202208071040_Race,42,NTE/SSR | Lamborghini Huracan GT3 GTD,4,M. Holzer,12:22:37,13:20:33,TRACK,57:55.761,1:55:38.335,1:58:00.128,20_Drive Time_Race.PDF,3,2
2022,16_Road America,Road America,road-america,2022-08-07,202208071040_Race,51,Rick Ware Racing | Acura NSX GT3 GTD,1,A. Read,10:40:33,11:21:19,TRACK,40:45.918,40:45.918,40:45.918,20_Drive Time_Race.PDF,4,1
2022,16_Road America,Road America,road-america,2022-08-07,202208071040_Race,51,Rick Ware Racing | Acura NSX GT3 GTD,,,11:21:19,11:22:31,PIT,1:12.073,,1:12.073,20_Drive Time_Race.PDF,4,1
2022,16_Road America,Road America,road-america,2022-08-07,202208071040_Race,51,Rick Ware Racing | Acura NSX GT3 GTD,2,R. Eversley,11:22:31,12:02:05,TRACK,39:33.674,39:33.674,39:33.674,20_Drive Time_Race.PDF,4,1
2022,16_Road America,Road America,road-america,2022-08-07,202208071040_Race,51,Rick Ware Racing | Acura NSX GT3 GTD,,R. Eversley,12:02:05,12:03:13,PIT,1:08.060,39:33.674,40:41.734,20_Drive Time_Race.PDF,4,1
2022,16_Road America,Road America,road-america,2022-08-07,202208071040_Race,51,Rick Ware Racing | Acura NSX GT3 GTD,3,R. Eversley,12:03:13,12:40:18,TRACK,37:05.428,1:16:39.102,1:17:47.162,20_Drive Time_Race.PDF,4,1
2022,16_Road America,Road America,road-america,2022-08-07,202208071040_Race,51,Rick Ware Racing | Acura NSX GT3 GTD,,R. Eversley,12:40:18,12:41:30,PIT,1:11.742,1:16:39.102,1:18:58.904,20_Drive Time_Race.PDF,4,1
2022,16_Road America,Road America,road-america,2022-08-07,202208071040_Race,51,Rick Ware Racing | Acura NSX GT3 GTD,4,R. Eversley,12:41:30,13:20:33,TRACK,39:03.105,1:55:42.207,1:58:02.009,20_Drive Time_Race.PDF,4,1
2022,16_Road America,Road America,road-america,2022-08-07,202208071040_Race,52,PR1 Mathiasen Motorsports | ORECA LMP2 07 LMP2,1,P. Kelly,10:40:33,11:16:31,TRACK,35:57.659,35:57.659,35:57.659,20_Drive Time_Race.PDF,4,1
2022,16_Road America,Road America,road-america,2022-08-07,202208071040_Race,52,PR1 Mathiasen Motorsports | ORECA LMP2 07 LMP2,,,11:16:31,11:17:48,PIT,1:17.067,,1:17.067,20_Drive Time_Race.PDF,4,1
2022,16_Road America,Road America,road-america,2022-08-07,202208071040_Race,52,PR1 Mathiasen Motorsports | ORECA LMP2 07 LMP2,2,J. Pierson,11:17:48,11:58:06,TRACK,40:17.813,40:17.813,40:17.813,20_Drive Time_Race.PDF,4,1
2022,16_Road America,Road America,road-america,2022-08-07,202208071040_Race,52,PR1 Mathiasen Motorsports | ORECA LMP2 07 LMP2,,J. Pierson,11:58:06,11:59:22,PIT,1:15.941,40:17.813,41:33.754,20_Drive Time_Race.PDF,4,1
2022,16_Road America,Road America,road-america,2022-08-07,202208071040_Race,52,PR1 Mathiasen Motorsports | ORECA LMP2 07 LMP2,3,J. Pierson,11:59:22,12:36:26,TRACK,37:04.164,1:17:21.977,1:18:37.918,20_Drive Time_Race.PDF,4,1
2022,16_Road America,Road America,road-america,2022-08-07,202208071040_Race,52,PR1 Mathiasen Motorsports | ORECA LMP2 07 LMP2,,J. Pierson,12:36:26,12:37:41,PIT,1:14.779,1:17:21.977,1:19:52.697,20_Drive Time_Race.PDF,4,1
2022,16_Road America,Road America,road-america,2022-08-07,202208071040_Race,52,PR1 Mathiasen Motorsports | ORECA LMP2 07 LMP2,4,J. Pierson,12:37:41,13:20:33,TRACK,42:52.577,2:00:14.554,2:02:45.274,20_Drive Time_Race.PDF,4,1
2022,16_Road America,Road America,road-america,2022-08-07,202208071040_Race,54,CORE Autosport | Ligier JS P320 LMP3,1,J. Bennett,10:40:33,11:16:36,TRACK,36:03.245,36:03.245,36:03.245,20_Drive Time_Race.PDF,4,1
2022,16_Road America,Road America,road-america,2022-08-07,202208071040_Race,54,CORE Autosport | Ligier JS P320 LMP3,,,11:16:36,11:17:46,PIT,1:09.281,,1:09.281,20_Drive Time_Race.PDF,4,1
2022,16_Road America,Road America,road-america,2022-08-07,202208071040_Race,54,CORE Autosport | Ligier JS P320 LMP3,2,C. Braun,11:17:46,11:37:22,TRACK,19:36.597,19:36.597,19:36.597,20_Drive Time_Race.PDF,4,1
2022,16_Road America,Road America,road-america,2022-08-07,202208071040_Race,54,CORE Autosport | Ligier JS P320 LMP3,,C. Braun,11:37:22,11:38:28,PIT,1:05.628,19:36.597,20:42.225,20_Drive Time_Race.PDF,4,1
2022,16_Road America,Road America,road-america,2022-08-07,202208071040_Race,54,CORE Autosport | Ligier JS P320 LMP3,3,C. Braun,11:38:28,11:59:35,TRACK,21:06.774,40:43.371,41:48.999,20_Drive Time_Race.PDF,4,1
2022,16_Road America,Road America,road-america,2022-08-07,202208071040_Race,54,CORE Autosport | Ligier JS P320 LMP3,,C. Braun,11:59:35,12:00:39,PIT,1:04.656,40:43.371,42:53.655,20_Drive Time_Race.PDF,4,1
2022,16_Road America,Road America,road-america,2022-08-07,202208071040_Race,54,CORE Autosport | Ligier JS P320 LMP3,4,C. Braun,12:00:39,12:06:17,TRACK,5:37.900,46:21.271,48:31.555,20_Drive Time_Race.PDF,4,1
2022,16_Road America,Road America,road-america,2022-08-07,202208071040_Race,54,CORE Autosport | Ligier JS P320 LMP3,,C. Braun,12:06:17,12:07:12,PIT,54.551,46:21.271,49:26.106,20_Drive Time_Race.PDF,4,1
2022,16_Road America,Road America,road-america,2022-08-07,202208071040_Race,54,CORE Autosport | Ligier JS P320 LMP3,5,C. Braun,12:07:12,12:36:30,TRACK,29:18.735,1:15:40.006,1:18:44.841,20_Drive Time_Race.PDF,4,1
2022,16_Road America,Road America,road-america,2022-08-07,202208071040_Race,54,CORE Autosport | Ligier JS P320 LMP3,,C. Braun,12:36:30,12:37:39,PIT,1:08.273,1:15:40.006,1:19:53.114,20_Drive Time_Race.PDF,4,1
2022,16_Road America,Road America,road-america,2022-08-07,202208071040_Race,54,CORE Autosport | Ligier JS P320 LMP3,6,C. Braun,12:37:39,13:20:33,TRACK,42:54.360,1:58:34.366,2:02:47.474,20_Drive Time_Race.PDF,4,1
2022,16_Road America,Road America,road-america,2022-08-07,202208071040_Race,57,Winward Racing | Mercedes-AMG GT3 GTD,1,R. Ward,10:40:33,11:21:16,TRACK,40:42.898,40:42.898,40:42.898,20_Drive Time_Race.PDF,4,1
2022,16_Road America,Road America,road-america,2022-08-07,202208071040_Race,57,Winward Racing | Mercedes-AMG GT3 GTD,,,11:21:16,11:22:26,PIT,1:09.928,,1:09.928,20_Drive Time_Race.PDF,4,1
2022,16_Road America,Road America,road-america,2022-08-07,202208071040_Race,57,Winward Racing | Mercedes-AMG GT3 GTD,2,P. Ellis,11:22:26,12:02:07,TRACK,39:41.544,39:41.544,39:41.544,20_Drive Time_Race.PDF,4,1
2022,16_Road America,Road America,road-america,2022-08-07,202208071040_Race,57,Winward Racing | Mercedes-AMG GT3 GTD,,P. Ellis,12:02:07,12:03:10,PIT,1:02.992,39:41.544,40:44.536,20_Drive Time_Race.PDF,4,1
2022,16_Road America,Road America,road-america,2022-08-07,202208071040_Race,57,Winward Racing | Mercedes-AMG GT3 GTD,3,P. Ellis,12:03:10,13:20:33,TRACK,1:17:22.638,1:57:04.182,1:58:07.174,20_Drive Time_Race.PDF,4,1
2022,16_Road America,Road America,road-america,2022-08-07,202208071040_Race,58,MLT Motorsports | Ligier JS P320 LMP3,1,J. Sarchet,10:40:33,11:16:35,TRACK,36:01.503,36:01.503,36:01.503,20_Drive Time_Race.PDF,4,1
2022,16_Road America,Road America,road-america,2022-08-07,202208071040_Race,58,MLT Motorsports | Ligier JS P320 LMP3,,,11:16:35,11:17:49,PIT,1:14.886,,1:14.886,20_Drive Time_Race.PDF,4,1
2022,16_Road America,Road America,road-america,2022-08-07,202208071040_Race,58,MLT Motorsports | Ligier JS P320 LMP3,2,D. Dickerson,11:17:49,11:25:30,TRACK,7:40.252,7:40.252,7:40.252,20_Drive Time_Race.PDF,4,1
2022,16_Road America,Road America,road-america,2022-08-07,202208071040_Race,58,MLT Motorsports | Ligier JS P320 LMP3,,D. Dickerson,11:25:30,11:26:40,PIT,1:10.683,7:40.252,8:50.935,20_Drive Time_Race.PDF,4,2
2022,16_Road America,Road America,road-america,2022-08-07,202208071040_Race,58,MLT Motorsports | Ligier JS P320 LMP3,3,D. Dickerson,11:26:40,11:58:46,TRACK,32:05.308,39:45.560,40:56.243,20_Drive Time_Race.PDF,4,2
2022,16_Road America,Road America,road-america,2022-08-07,202208071040_Race,58,MLT Motorsports | Ligier JS P320 LMP3,,D. Dickerson,11:58:46,12:00:05,PIT,1:19.180,39:45.560,42:15.423,20_Drive Time_Race.PDF,4,2
2022,16_Road America,Road America,road-america,2022-08-07,202208071040_Race,58,MLT Motorsports | Ligier JS P320 LMP3,4,D. Dickerson,12:00:05,12:14:38,TRACK,14:33.537,54:19.097,56:48.960,20_Drive Time_Race.PDF,4,2
2022,16_Road America,Road America,road-america,2022-08-07,202208071040_Race,58,MLT Motorsports | Ligier JS P320 LMP3,,D. Dickerson,12:14:38,12:15:52,PIT,1:13.913,54:19.097,58:02.873,20_Drive Time_Race.PDF,4,2
2022,16_Road America,Road America,road-america,2022-08-07,202208071040_Race,58,MLT Motorsports | Ligier JS P320 LMP3,5,D. Dickerson,12:15:52,12:36:39,TRACK,20:46.656,1:15:05.753,1:18:49.529,20_Drive Time_Race.PDF,4,2
2022,16_Road America,Road America,road-america,2022-08-07,202208071040_Race,58,MLT Motorsports | Ligier JS P320 LMP3,,D. Dickerson,12:36:39,12:37:47,PIT,1:07.864,1:15:05.753,1:19:57.393,20_Drive Time_Race.PDF,4,2
2022,16_Road America,Road America,road-america,2022-08-07,202208071040_Race,58,MLT Motorsports | Ligier JS P320 LMP3,6,D. Dickerson,12:37:47,13:20:33,TRACK,42:46.218,1:57:51.971,2:02:43.611,20_Drive Time_Race.PDF,4,2
2022,16_Road America,Road America,road-america,2022-08-07,202208071040_Race,60,Meyer Shank Racing W/Curb-Agajanian | Acura DPi DPi,1,T. Blomqvist,10:40:33,11:16:27,TRACK,35:53.842,35:53.842,35:53.842,20_Drive Time_Race.PDF,4,2
2022,16_Road America,Road America,road-america,2022-08-07,202208071040_Race,60,Meyer Shank Racing W/Curb-Agajanian | Acura DPi DPi,,,11:16:27,11:19:12,PIT,2:45.545,,2:45.545,20_Drive Time_Race.PDF,4,2
2022,16_Road America,Road America,road-america,2022-08-07,202208071040_Race,60,Meyer Shank Racing W/Curb-Agajanian | Acura DPi DPi,2,O. Jarvis,11:19:12,11:25:37,TRACK,6:24.192,6:24.192,6:24.192,20_Drive Time_Race.PDF,4,2
2022,16_Road America,Road America,road-america,2022-08-07,202208071040_Race,60,Meyer Shank Racing W/Curb-Agajanian | Acura DPi DPi,,O. Jarvis,11:25:37,11:26:26,PIT,49.710,6:24.192,7:13.902,20_Drive Time_Race.PDF,4,2
2022,16_Road America,Road America,road-america,2022-08-07,202208071040_Race,60,Meyer Shank Racing W/Curb-Agajanian | Acura DPi DPi,3,O. Jarvis,11:26:26,11:31:51,TRACK,5:24.345,11:48.537,12:38.247,20_Drive Time_Race.PDF,4,2
2022,16_Road America,Road America,road-america,2022-08-07,202208071040_Race,60,Meyer Shank Racing W/Curb-Agajanian | Acura DPi DPi,,O. Jarvis,11:31:51,11:32:52,PIT,1:01.466,11:48.537,13:39.713,20_Drive Time_Race.PDF,4,2
2022,16_Road America,Road America,road-america,2022-08-07,202208071040_Race,60,Meyer Shank Racing W/Curb-Agajanian | Acura DPi DPi,4,O. Jarvis,11:32:52,11:58:34,TRACK,25:42.179,37:30.716,39:21.892,20_Drive Time_Race.PDF,4,2
2022,16_Road America,Road America,road-america,2022-08-07,202208071040_Race,60,Meyer Shank Racing W/Curb-Agajanian | Acura DPi DPi,,O. Jarvis,11:58:34,11:59:38,PIT,1:03.236,37:30.716,40:25.128,20_Drive Time_Race.PDF,4,2
2022,16_Road America,Road America,road-america,2022-08-07,202208071040_Race,60,Meyer Shank Racing W/Curb-Agajanian | Acura DPi DPi,5,O. Jarvis,11:59:38,12:36:06,TRACK,36:28.665,1:13:59.381,1:16:53.793,20_Drive Time_Race.PDF,4,2
2022,16_Road America,Road America,road-america,2022-08-07,202208071040_Race,60,Meyer Shank Racing W/Curb-Agajanian | Acura DPi DPi,,O. Jarvis,12:36:06,12:37:06,PIT,59.289,1:13:59.381,1:17:53.082,20_Drive Time_Race.PDF,4,2
2022,16_Road America,Road America,road-america,2022-08-07,202208071040_Race,60,Meyer Shank Racing W/Curb-Agajanian | Acura DPi DPi,6,O. Jarvis,12:37:06,13:20:33,TRACK,43:27.531,1:57:26.912,2:01:20.613,20_Drive Time_Race.PDF,4,2
2022,16_Road America,Road America,road-america,2022-08-07,202208071040_Race,74,Riley Motorsports | Ligier JS P320 LMP3,1,G. Robinson,10:40:33,11:16:32,TRACK,35:58.474,35:58.474,35:58.474,20_Drive Time_Race.PDF,4,2
2022,16_Road America,Road America,road-america,2022-08-07,202208071040_Race,74,Riley Motorsports | Ligier JS P320 LMP3,,,11:16:32,11:17:42,PIT,1:10.771,,1:10.771,20_Drive Time_Race.PDF,4,2
2022,16_Road America,Road America,road-america,2022-08-07,202208071040_Race,74,Riley Motorsports | Ligier JS P320 LMP3,2,F. Fraga,11:17:42,11:58:07,TRACK,40:24.561,40:24.561,40:24.561,20_Drive Time_Race.PDF,4,2
2022,16_Road America,Road America,road-america,2022-08-07,202208071040_Race,74,Riley Motorsports | Ligier JS P320 LMP3,,F. Fraga,11:58:07,11:59:14,PIT,1:07.080,40:24.561,41:31.641,20_Drive Time_Race.PDF,4,2
2022,16_Road America,Road America,road-america,2022-08-07,202208071040_Race,74,Riley Motorsports | Ligier JS P320 LMP3,3,F. Fraga,11:59:14,12:36:30,TRACK,37:15.943,1:17:40.504,1:18:47.584,20_Drive Time_Race.PDF,4,2
2022,16_Road America,Road America,road-america,2022-08-07,202208071040_Race,74,Riley Motorsports | Ligier JS P320 LMP3,,F. Fraga,12:36:30,12:37:34,PIT,1:04.016,1:17:40.504,1:19:51.600,20_Drive Time_Race.PDF,4,2
2022,16_Road America,Road America,road-america,2022-08-07,202208071040_Race,74,Riley Motorsports | Ligier JS P320 LMP3,4,F. Fraga,12:37:34,13:20:33,TRACK,42:59.155,2:00:39.659,2:02:50.755,20_Drive Time_Race.PDF,4,2
2022,16_Road America,Road America,road-america,2022-08-07,202208071040_Race,79,WeatherTech Racing | Mercedes-AMG GT3 GTD,1,C. MacNeil,10:40:33,11:21:28,TRACK,40:54.993,40:54.993,40:54.993,20_Drive Time_Race.PDF,4,2
2022,16_Road America,Road America,road-america,2022-08-07,202208071040_Race,79,WeatherTech Racing | Mercedes-AMG GT3 GTD,,,11:21:28,11:22:44,PIT,1:16.092,,1:16.092,20_Drive Time_Race.PDF,4,2
2022,16_Road America,Road America,road-america,2022-08-07,202208071040_Race,79,WeatherTech Racing | Mercedes-AMG GT3 GTD,2,D. Juncadella,11:22:44,12:02:04,TRACK,39:19.652,39:19.652,39:19.652,20_Drive Time_Race.PDF,4,2
2022,16_Road America,Road America,road-america,2022-08-07,202208071040_Race,79,WeatherTech Racing | Mercedes-AMG GT3 GTD,,D. Juncadella,12:02:04,12:03:07,PIT,1:03.025,39:19.652,40:22.677,20_Drive Time_Race.PDF,4,2
2022,16_Road America,Road America,road-america,2022-08-07,202208071040_Race,79,WeatherTech Racing | Mercedes-AMG GT3 GTD,3,D. Juncadella,12:03:07,12:40:10,TRACK,37:03.468,1:16:23.120,1:17:26.145,20_Drive Time_Race.PDF,4,2
2022,16_Road America,Road America,road-america,2022-08-07,202208071040_Race,79,WeatherTech Racing | Mercedes-AMG GT3 GTD,,D. Juncadella,12:40:10,12:41:07,PIT,56.347,1:16:23.120,1:18:22.492,20_Drive Time_Race.PDF,4,2
2022,16_Road America,Road America,road-america,2022-08-07,202208071040_Race,79,WeatherTech Racing | Mercedes-AMG GT3 GTD,4,D. Juncadella,12:41:07,12:46:34,TRACK,5:26.970,1:21:50.090,1:23:49.462,20_Drive Time_Race.PDF,4,2
2022,16_Road America,Road America,road-america,2022-08-07,202208071040_Race,79,WeatherTech Racing | Mercedes-AMG GT3 GTD,,D. Juncadella,12:46:34,12:48:15,PIT,1:41.039,1:21:50.090,1:25:30.501,20_Drive Time_Race.PDF,4,2
2022,16_Road America,Road America,road-america,2022-08-07,202208071040_Race,79,WeatherTech Racing | Mercedes-AMG GT3 GTD,5,D. Juncadella,12:48:15,13:20:33,TRACK,32:18.414,1:54:08.504,1:57:48.915,20_Drive Time_Race.PDF,4,2
2022,16_Road America,Road America,road-america,2022-08-07,202208071040_Race,81,DragonSpeed USA | ORECA LMP2 07 LMP2,1,H. Hedman,10:40:33,11:17:24,TRACK,36:50.603,36:50.603,36:50.603,20_Drive Time_Race.PDF,4,2
2022,16_Road America,Road America,road-america,2022-08-07,202208071040_Race,81,DragonSpeed USA | ORECA LMP2 07 LMP2,,,11:17:24,11:18:42,PIT,1:18.303,,1:18.303,20_Drive Time_Race.PDF,5,1
2022,16_Road America,Road America,road-america,2022-08-07,202208071040_Race,81,DragonSpeed USA | ORECA LMP2 07 LMP2,2,J. Montoya,11:18:42,11:58:05,TRACK,39:22.551,39:22.551,39:22.551,20_Drive Time_Race.PDF,5,1
2022,16_Road America,Road America,road-america,2022-08-07,202208071040_Race,81,DragonSpeed USA | ORECA LMP2 07 LMP2,,J. Montoya,11:58:05,11:59:25,PIT,1:20.193,39:22.551,40:42.744,20_Drive Time_Race.PDF,5,1
2022,16_Road America,Road America,road-america,2022-08-07,202208071040_Race,81,DragonSpeed USA | ORECA LMP2 07 LMP2,3,J. Montoya,11:59:25,12:44:10,TRACK,44:45.228,1:24:07.779,1:25:27.972,20_Drive Time_Race.PDF,5,1
2022,16_Road America,Road America,road-america,2022-08-07,202208071040_Race,81,DragonSpeed USA | ORECA LMP2 07 LMP2,,J. Montoya,12:44:10,12:45:25,PIT,1:14.904,1:24:07.779,1:26:42.876,20_Drive Time_Race.PDF,5,1
2022,16_Road America,Road America,road-america,2022-08-07,202208071040_Race,81,DragonSpeed USA | ORECA LMP2 07 LMP2,4,J. Montoya,12:45:25,13:20:33,TRACK,35:08.218,1:59:15.997,2:01:51.094,20_Drive Time_Race.PDF,5,1
2022,16_Road America,Road America,road-america,2022-08-07,202208071040_Race,90,JDC-Miller MotorSports | Duqueine D08 LMP3,1,G. Kraut,10:40:33,11:16:34,TRACK,36:00.599,36:00.599,36:00.599,20_Drive Time_Race.PDF,5,1
2022,16_Road America,Road America,road-america,2022-08-07,202208071040_Race,90,JDC-Miller MotorSports | Duqueine D08 LMP3,,,11:16:34,11:17:58,PIT,1:23.843,,1:23.843,20_Drive Time_Race.PDF,5,1
2022,16_Road America,Road America,road-america,2022-08-07,202208071040_Race,90,JDC-Miller MotorSports | Duqueine D08 LMP3,2,S. Andrews,11:17:58,12:06:05,TRACK,48:07.181,48:07.181,48:07.181,20_Drive Time_Race.PDF,5,1
2022,16_Road America,Road America,road-america,2022-08-07,202208071040_Race,90,JDC-Miller MotorSports | Duqueine D08 LMP3,,S. Andrews,12:06:05,12:07:46,PIT,1:41.725,48:07.181,49:48.906,20_Drive Time_Race.PDF,5,1
2022,16_Road America,Road America,road-america,2022-08-07,202208071040_Race,90,JDC-Miller MotorSports | Duqueine D08 LMP3,3,S. Andrews,12:07:46,12:27:03,TRACK,19:16.315,1:07:23.496,1:09:05.221,20_Drive Time_Race.PDF,5,1
2022,16_Road America,Road America,road-america,2022-08-07,202208071040_Race,90,JDC-Miller MotorSports | Duqueine D08 LMP3,,S. Andrews,12:27:03,12:28:25,PIT,1:22.241,1:07:23.496,1:10:27.462,20_Drive Time_Race.PDF,5,1
2022,16_Road America,Road America,road-america,2022-08-07,202208071040_Race,90,JDC-Miller MotorSports | Duqueine D08 LMP3,4,S. Andrews,12:28:25,12:46:20,TRACK,17:54.514,1:25:18.010,1:28:21.976,20_Drive Time_Race.PDF,5,1
2022,16_Road America,Road America,road-america,2022-08-07,202208071040_Race,90,JDC-Miller MotorSports | Duqueine D08 LMP3,,S. Andrews,12:46:20,12:48:01,PIT,1:41.141,1:25:18.010,1:30:03.117,20_Drive Time_Race.PDF,5,1
2022,16_Road America,Road America,road-america,2022-08-07,202208071040_Race,90,JDC-Miller MotorSports | Duqueine D08 LMP3,5,S. Andrews,12:48:01,13:20:33,TRACK,32:32.441,1:57:50.451,2:02:35.558,20_Drive Time_Race.PDF,5,1
2022,16_Road America,Road America,road-america,2022-08-07,202208071040_Race,96,Turner Motorsport | BMW M4 GT3 GTD,1,R. Foley,10:40:33,11:21:10,TRACK,40:37.278,40:37.278,40:37.278,20_Drive Time_Race.PDF,5,1
2022,16_Road America,Road America,road-america,2022-08-07,202208071040_Race,96,Turner Motorsport | BMW M4 GT3 GTD,,,11:21:10,11:22:20,PIT,1:09.776,,1:09.776,20_Drive Time_Race.PDF,5,1
2022,16_Road America,Road America,road-america,2022-08-07,202208071040_Race,96,Turner Motorsport | BMW M4 GT3 GTD,2,B. Auberlen,11:22:20,12:02:08,TRACK,39:47.792,39:47.792,39:47.792,20_Drive Time_Race.PDF,5,1
2022,16_Road America,Road America,road-america,2022-08-07,202208071040_Race,96,Turner Motorsport | BMW M4 GT3 GTD,,B. Auberlen,12:02:08,12:03:07,PIT,59.519,39:47.792,40:47.311,20_Drive Time_Race.PDF,5,1
2022,16_Road America,Road America,road-america,2022-08-07,202208071040_Race,96,Turner Motorsport | BMW M4 GT3 GTD,3,B. Auberlen,12:03:07,13:20:33,TRACK,1:17:25.635,1:57:13.427,1:58:12.946,20_Drive Time_Race.PDF,5,1
